HEX,Name,Red,Green,Blue,Family,Link,Source
#f7f7f7,0300-N,247,247,247,,,NCS
#f2f2f2,0500-N,242,242,242,,,NCS
#f5fbff,0502-B,245,251,255,,,NCS
#f7fffe,0502-B50G,247,255,254,,,NCS
#f4fff8,0502-G,244,255,248,,,NCS
#fdfff6,0502-G50Y,253,255,246,,,NCS
#fff1f2,0502-R,255,241,242,,,NCS
#fef6fd,0502-R50B,254,246,253,,,NCS
#fffdf6,0502-Y,255,253,246,,,NCS
#fef8f4,0502-Y50R,254,248,244,,,NCS
#e8f6fe,0505-B,232,246,254,,,NCS
#eafbff,0505-B20G,234,251,255,,,NCS
#ecfffe,0505-B50G,236,255,254,,,NCS
#eafffa,0505-B80G,234,255,250,,,NCS
#e4ffef,0505-G,228,255,239,,,NCS
#ecffec,0505-G10Y,236,255,236,,,NCS
#f1ffeb,0505-G20Y,241,255,235,,,NCS
#f4ffea,0505-G30Y,244,255,234,,,NCS
#f7ffe9,0505-G40Y,247,255,233,,,NCS
#faffea,0505-G50Y,250,255,234,,,NCS
#fcffeb,0505-G60Y,252,255,235,,,NCS
#feffeb,0505-G70Y,254,255,235,,,NCS
#fffeec,0505-G80Y,255,254,236,,,NCS
#fefdeb,0505-G90Y,254,253,235,,,NCS
#ffdee0,0505-R,255,222,224,,,NCS
#ffdfe3,0505-R10B,255,223,227,,,NCS
#ffe1e7,0505-R20B,255,225,231,,,NCS
#ffe3ec,0505-R30B,255,227,236,,,NCS
#fee6f2,0505-R40B,254,230,242,,,NCS
#ffeafb,0505-R50B,255,234,251,,,NCS
#f8e9fe,0505-R60B,248,233,254,,,NCS
#f0e8ff,0505-R70B,240,232,255,,,NCS
#e1e6ff,0505-R80B,225,230,255,,,NCS
#e3ecfe,0505-R90B,227,236,254,,,NCS
#fffbea,0505-Y,255,251,234,,,NCS
#fffaea,0505-Y10R,255,250,234,,,NCS
#fff7e9,0505-Y20R,255,247,233,,,NCS
#fff5e8,0505-Y30R,255,245,232,,,NCS
#fff3e6,0505-Y40R,255,243,230,,,NCS
#fff0e5,0505-Y50R,255,240,229,,,NCS
#feede4,0505-Y60R,254,237,228,,,NCS
#ffe9e2,0505-Y70R,255,233,226,,,NCS
#fee5e0,0505-Y80R,254,229,224,,,NCS
#ffe2e0,0505-Y90R,255,226,224,,,NCS
#dff3ff,0507-B,223,243,255,,,NCS
#e3faff,0507-B20G,227,250,255,,,NCS
#e2fff8,0507-B80G,226,255,248,,,NCS
#dbffe9,0507-G,219,255,233,,,NCS
#f4ffe0,0507-G40Y,244,255,224,,,NCS
#fffee4,0507-G80Y,255,254,228,,,NCS
#ffd2d5,0507-R,255,210,213,,,NCS
#ffd6de,0507-R20B,255,214,222,,,NCS
#ffddee,0507-R40B,255,221,238,,,NCS
#f5e0ff,0507-R60B,245,224,255,,,NCS
#d6ddff,0507-R80B,214,221,255,,,NCS
#fffae3,0507-Y,255,250,227,,,NCS
#fff5e0,0507-Y20R,255,245,224,,,NCS
#ffeedd,0507-Y40R,255,238,221,,,NCS
#ffe6da,0507-Y60R,255,230,218,,,NCS
#fedcd5,0507-Y80R,254,220,213,,,NCS
#d3eeff,0510-B,211,238,255,,,NCS
#d6f4ff,0510-B10G,214,244,255,,,NCS
#d9fbff,0510-B30G,217,251,255,,,NCS
#dafffd,0510-B50G,218,255,253,,,NCS
#d8fef9,0510-B70G,216,254,249,,,NCS
#d1ffea,0510-B90G,209,255,234,,,NCS
#cdffe0,0510-G,205,255,224,,,NCS
#dbffdc,0510-G10Y,219,255,220,,,NCS
#e4ffd9,0510-G20Y,228,255,217,,,NCS
#ebffd6,0510-G30Y,235,255,214,,,NCS
#f0ffd4,0510-G40Y,240,255,212,,,NCS
#f5ffd6,0510-G50Y,245,255,214,,,NCS
#f9ffd8,0510-G60Y,249,255,216,,,NCS
#fdffd9,0510-G70Y,253,255,217,,,NCS
#fffdda,0510-G80Y,255,253,218,,,NCS
#fefbd8,0510-G90Y,254,251,216,,,NCS
#ffc2c6,0510-R,255,194,198,,,NCS
#ffc4cb,0510-R10B,255,196,203,,,NCS
#ffc7d2,0510-R20B,255,199,210,,,NCS
#ffcbdb,0510-R30B,255,203,219,,,NCS
#ffd0e7,0510-R40B,255,208,231,,,NCS
#ffd7f7,0510-R50B,255,215,247,,,NCS
#f1d4ff,0510-R60B,241,212,255,,,NCS
#e3d4ff,0510-R70B,227,212,255,,,NCS
#c6d1ff,0510-R80B,198,209,255,,,NCS
#cbdcff,0510-R90B,203,220,255,,,NCS
#fff9d8,0510-Y,255,249,216,,,NCS
#fff5d6,0510-Y10R,255,245,214,,,NCS
#fff1d4,0510-Y20R,255,241,212,,,NCS
#ffedd2,0510-Y30R,255,237,210,,,NCS
#ffe8d0,0510-Y40R,255,232,208,,,NCS
#ffe3ce,0510-Y50R,255,227,206,,,NCS
#ffddcc,0510-Y60R,255,221,204,,,NCS
#fed7c9,0510-Y70R,254,215,201,,,NCS
#ffd0c6,0510-Y80R,255,208,198,,,NCS
#ffc9c5,0510-Y90R,255,201,197,,,NCS
#c0e7ff,0515-B,192,231,255,,,NCS
#c5f5fe,0515-B20G,197,245,254,,,NCS
#c8fffd,0515-B50G,200,255,253,,,NCS
#c4fff1,0515-B80G,196,255,241,,,NCS
#b8ffd4,0515-G,184,255,212,,,NCS
#d8ffc8,0515-G20Y,216,255,200,,,NCS
#eaffc1,0515-G40Y,234,255,193,,,NCS
#f7fec6,0515-G60Y,247,254,198,,,NCS
#fffdc8,0515-G80Y,255,253,200,,,NCS
#fff9c7,0515-G90Y,255,249,199,,,NCS
#feaaaf,0515-R,254,170,175,,,NCS
#feadb7,0515-R10B,254,173,183,,,NCS
#feb1c0,0515-R20B,254,177,192,,,NCS
#ffbcdd,0515-R40B,255,188,221,,,NCS
#ebc1ff,0515-R60B,235,193,255,,,NCS
#b0befe,0515-R80B,176,190,254,,,NCS
#b6ceff,0515-R90B,182,206,255,,,NCS
#fff6c6,0515-Y,255,246,198,,,NCS
#fff1c4,0515-Y10R,255,241,196,,,NCS
#ffebc1,0515-Y20R,255,235,193,,,NCS
#ffe5bf,0515-Y30R,255,229,191,,,NCS
#ffdebc,0515-Y40R,255,222,188,,,NCS
#ffd7b9,0515-Y50R,255,215,185,,,NCS
#ffcfb6,0515-Y60R,255,207,182,,,NCS
#ffc6b3,0515-Y70R,255,198,179,,,NCS
#ffbdaf,0515-Y80R,255,189,175,,,NCS
#ffb4ae,0515-Y90R,255,180,174,,,NCS
#aee0ff,0520-B,174,224,255,,,NCS
#b2ebff,0520-B10G,178,235,255,,,NCS
#b6f8ff,0520-B30G,182,248,255,,,NCS
#b8fcff,0520-B40G,184,252,255,,,NCS
#b8fffc,0520-B50G,184,255,252,,,NCS
#b7fff8,0520-B60G,183,255,248,,,NCS
#b5fff4,0520-B70G,181,255,244,,,NCS
#abffd9,0520-B90G,171,255,217,,,NCS
#a5ffc8,0520-G,165,255,200,,,NCS
#bdffc0,0520-G10Y,189,255,192,,,NCS
#cdffb9,0520-G20Y,205,255,185,,,NCS
#daffb4,0520-G30Y,218,255,180,,,NCS
#e4ffb0,0520-G40Y,228,255,176,,,NCS
#edffb3,0520-G50Y,237,255,179,,,NCS
#f4feb5,0520-G60Y,244,254,181,,,NCS
#fbffb8,0520-G70Y,251,255,184,,,NCS
#fffcb8,0520-G80Y,255,252,184,,,NCS
#fff7b6,0520-G90Y,255,247,182,,,NCS
#ff959c,0520-R,255,149,156,,,NCS
#ff98a5,0520-R10B,255,152,165,,,NCS
#ff9cb0,0520-R20B,255,156,176,,,NCS
#ffa2c0,0520-R30B,255,162,192,,,NCS
#ffa9d4,0520-R40B,255,169,212,,,NCS
#ffb4f0,0520-R50B,255,180,240,,,NCS
#e5b0ff,0520-R60B,229,176,255,,,NCS
#cbb0ff,0520-R70B,203,176,255,,,NCS
#9caeff,0520-R80B,156,174,255,,,NCS
#a3c1ff,0520-R90B,163,193,255,,,NCS
#fff3b5,0520-Y,255,243,181,,,NCS
#feedb2,0520-Y10R,254,237,178,,,NCS
#ffe5b0,0520-Y20R,255,229,176,,,NCS
#ffddad,0520-Y30R,255,221,173,,,NCS
#ffd5aa,0520-Y40R,255,213,170,,,NCS
#ffcca7,0520-Y50R,255,204,167,,,NCS
#ffc2a3,0520-Y60R,255,194,163,,,NCS
#ffb89f,0520-Y70R,255,184,159,,,NCS
#ffac9b,0520-Y80R,255,172,155,,,NCS
#ffa19b,0520-Y90R,255,161,155,,,NCS
#e09ffe,0525-R60B,224,159,254,,,NCS
#c1a0ff,0525-R70B,193,160,255,,,NCS
#8ed4ff,0530-B,142,212,255,,,NCS
#92e3ff,0530-B10G,146,227,255,,,NCS
#98f5ff,0530-B30G,152,245,255,,,NCS
#9afcff,0530-B40G,154,252,255,,,NCS
#9afffb,0530-B50G,154,255,251,,,NCS
#98fff5,0530-B60G,152,255,245,,,NCS
#96ffef,0530-B70G,150,255,239,,,NCS
#8bffcb,0530-B90G,139,255,203,,,NCS
#84ffb4,0530-G,132,255,180,,,NCS
#a3ffa7,0530-G10Y,163,255,167,,,NCS
#baff9e,0530-G20Y,186,255,158,,,NCS
#cbff96,0530-G30Y,203,255,150,,,NCS
#dafe90,0530-G40Y,218,254,144,,,NCS
#e6ff93,0530-G50Y,230,255,147,,,NCS
#f0fe96,0530-G60Y,240,254,150,,,NCS
#f9fe99,0530-G70Y,249,254,153,,,NCS
#fefb9a,0530-G80Y,254,251,154,,,NCS
#fef598,0530-G90Y,254,245,152,,,NCS
#ff737c,0530-R,255,115,124,,,NCS
#ff7687,0530-R10B,255,118,135,,,NCS
#fe7b95,0530-R20B,254,123,149,,,NCS
#ff81a9,0530-R30B,255,129,169,,,NCS
#fe89c4,0530-R40B,254,137,196,,,NCS
#ff95ea,0530-R50B,255,149,234,,,NCS
#7a92ff,0530-R80B,122,146,255,,,NCS
#81aaff,0530-R90B,129,170,255,,,NCS
#ffef96,0530-Y,255,239,150,,,NCS
#fee593,0530-Y10R,254,229,147,,,NCS
#ffdb90,0530-Y20R,255,219,144,,,NCS
#ffd08d,0530-Y30R,255,208,141,,,NCS
#fec589,0530-Y40R,254,197,137,,,NCS
#feb986,0530-Y50R,254,185,134,,,NCS
#feac82,0530-Y60R,254,172,130,,,NCS
#ff9f7e,0530-Y70R,255,159,126,,,NCS
#ff9079,0530-Y80R,255,144,121,,,NCS
#ff8279,0530-Y90R,255,130,121,,,NCS
#72caff,0540-B,114,202,255,,,NCS
#76dcff,0540-B10G,118,220,255,,,NCS
#7cf2ff,0540-B30G,124,242,255,,,NCS
#68ffa3,0540-G,104,255,163,,,NCS
#8eff93,0540-G10Y,142,255,147,,,NCS
#a9ff86,0540-G20Y,169,255,134,,,NCS
#bfff7c,0540-G30Y,191,255,124,,,NCS
#d0ff74,0540-G40Y,208,255,116,,,NCS
#dfff77,0540-G50Y,223,255,119,,,NCS
#ecff7a,0540-G60Y,236,255,122,,,NCS
#f8fe7d,0540-G70Y,248,254,125,,,NCS
#fffa7e,0540-G80Y,255,250,126,,,NCS
#fff27c,0540-G90Y,255,242,124,,,NCS
#ff5863,0540-R,255,88,99,,,NCS
#ff5b6f,0540-R10B,255,91,111,,,NCS
#ff5f7f,0540-R20B,255,95,127,,,NCS
#ff6596,0540-R30B,255,101,150,,,NCS
#6598ff,0540-R90B,101,152,255,,,NCS
#ffeb7a,0540-Y,255,235,122,,,NCS
#ffdf77,0540-Y10R,255,223,119,,,NCS
#ffd274,0540-Y20R,255,210,116,,,NCS
#ffc571,0540-Y30R,255,197,113,,,NCS
#ffb76d,0540-Y40R,255,183,109,,,NCS
#ffa96a,0540-Y50R,255,169,106,,,NCS
#fe9a66,0540-Y60R,254,154,102,,,NCS
#ff8a62,0540-Y70R,255,138,98,,,NCS
#ff7a5e,0540-Y80R,255,122,94,,,NCS
#ff695f,0540-Y90R,255,105,95,,,NCS
#7bff81,0550-G10Y,123,255,129,,,NCS
#9aff71,0550-G20Y,154,255,113,,,NCS
#b3ff65,0550-G30Y,179,255,101,,,NCS
#c8ff5b,0550-G40Y,200,255,91,,,NCS
#daff5e,0550-G50Y,218,255,94,,,NCS
#e8ff61,0550-G60Y,232,255,97,,,NCS
#f7ff64,0550-G70Y,247,255,100,,,NCS
#fffa65,0550-G80Y,255,250,101,,,NCS
#ffef62,0550-G90Y,255,239,98,,,NCS
#ff424e,0550-R,255,66,78,,,NCS
#ff455b,0550-R10B,255,69,91,,,NCS
#ffe761,0550-Y,255,231,97,,,NCS
#ffd95e,0550-Y10R,255,217,94,,,NCS
#ffca5b,0550-Y20R,255,202,91,,,NCS
#ffbb58,0550-Y30R,255,187,88,,,NCS
#ffab55,0550-Y40R,255,171,85,,,NCS
#ff9b52,0550-Y50R,255,155,82,,,NCS
#ff8a4e,0550-Y60R,255,138,78,,,NCS
#fe794b,0550-Y70R,254,121,75,,,NCS
#ff6747,0550-Y80R,255,103,71,,,NCS
#ff5549,0550-Y90R,255,85,73,,,NCS
#6bff71,0560-G10Y,107,255,113,,,NCS
#8eff5f,0560-G20Y,142,255,95,,,NCS
#a9ff51,0560-G30Y,169,255,81,,,NCS
#c0ff45,0560-G40Y,192,255,69,,,NCS
#d4ff47,0560-G50Y,212,255,71,,,NCS
#e5ff4a,0560-G60Y,229,255,74,,,NCS
#f6ff4d,0560-G70Y,246,255,77,,,NCS
#fff94d,0560-G80Y,255,249,77,,,NCS
#ffed4b,0560-G90Y,255,237,75,,,NCS
#ff303e,0560-R,255,48,62,,,NCS
#fee34a,0560-Y,254,227,74,,,NCS
#ffd347,0560-Y10R,255,211,71,,,NCS
#ffc345,0560-Y20R,255,195,69,,,NCS
#ffb242,0560-Y30R,255,178,66,,,NCS
#ffa140,0560-Y40R,255,161,64,,,NCS
#fe8f3d,0560-Y50R,254,143,61,,,NCS
#ff7d3a,0560-Y60R,255,125,58,,,NCS
#ff6a37,0560-Y70R,255,106,55,,,NCS
#ff5734,0560-Y80R,255,87,52,,,NCS
#ff4437,0560-Y90R,255,68,55,,,NCS
#63ff6a,0565-G10Y,99,255,106,,,NCS
#d2ff3d,0565-G50Y,210,255,61,,,NCS
#ff2836,0565-R,255,40,54,,,NCS
#82ff4f,0570-G20Y,130,255,79,,,NCS
#a1ff3f,0570-G30Y,161,255,63,,,NCS
#baff31,0570-G40Y,186,255,49,,,NCS
#e2ff35,0570-G60Y,226,255,53,,,NCS
#f4ff37,0570-G70Y,244,255,55,,,NCS
#fff837,0570-G80Y,255,248,55,,,NCS
#ffeb36,0570-G90Y,255,235,54,,,NCS
#ffe035,0570-Y,255,224,53,,,NCS
#ffcf33,0570-Y10R,255,207,51,,,NCS
#ffbd31,0570-Y20R,255,189,49,,,NCS
#feaa2f,0570-Y30R,254,170,47,,,NCS
#fe982d,0570-Y40R,254,152,45,,,NCS
#ff852b,0570-Y50R,255,133,43,,,NCS
#ff7128,0570-Y60R,255,113,40,,,NCS
#ff5e26,0570-Y70R,255,94,38,,,NCS
#fe4a24,0570-Y80R,254,74,36,,,NCS
#fe3628,0570-Y90R,254,54,40,,,NCS
#7dff48,0575-G20Y,125,255,72,,,NCS
#b7ff28,0575-G40Y,183,255,40,,,NCS
#e1ff2b,0575-G60Y,225,255,43,,,NCS
#f4ff2d,0575-G70Y,244,255,45,,,NCS
#ffea2c,0575-G90Y,255,234,44,,,NCS
#99ff2e,0580-G30Y,153,255,46,,,NCS
#ffdd22,0580-Y,255,221,34,,,NCS
#ffca20,0580-Y10R,255,202,32,,,NCS
#ffca20,0580-Y10R,255,202,32,,,NCS
#feb71f,0580-Y20R,254,183,31,,,NCS
#feb71f,0580-Y20R,254,183,31,,,NCS
#ffa31d,0580-Y30R,255,163,29,,,NCS
#ff901c,0580-Y40R,255,144,28,,,NCS
#ff7b1b,0580-Y50R,255,123,27,,,NCS
#ff6719,0580-Y60R,255,103,25,,,NCS
#ff5318,0580-Y70R,255,83,24,,,NCS
#ff3e16,0580-Y80R,255,62,22,,,NCS
#ff2a1b,0580-Y90R,255,42,27,,,NCS
#ffb416,0585-Y20R,255,180,22,,,NCS
#ffa015,0585-Y30R,255,160,21,,,NCS
#fe8c14,0585-Y40R,254,140,20,,,NCS
#ff7713,0585-Y50R,255,119,19,,,NCS
#ff6212,0585-Y60R,255,98,18,,,NCS
#ff4e11,0585-Y70R,255,78,17,,,NCS
#ff3910,0585-Y80R,255,57,16,,,NCS
#f7fcef,0603-G40Y,247,252,239,,,NCS
#fcfbf0,0603-G80Y,252,251,240,,,NCS
#fceaed,0603-R20B,252,234,237,,,NCS
#fcedf4,0603-R40B,252,237,244,,,NCS
#f8effc,0603-R60B,248,239,252,,,NCS
#e9edfc,0603-R80B,233,237,252,,,NCS
#fcf8ef,0603-Y20R,252,248,239,,,NCS
#fcf5ed,0603-Y40R,252,245,237,,,NCS
#fcf1eb,0603-Y60R,252,241,235,,,NCS
#fcede9,0603-Y80R,252,237,233,,,NCS
#e8f6f6,0804-B50G,232,246,246,,,NCS
#ecf6e7,0804-G20Y,236,246,231,,,NCS
#f4f6e7,0804-G60Y,244,246,231,,,NCS
#f6f5e7,0804-G90Y,246,245,231,,,NCS
#f6dee1,0804-R10B,246,222,225,,,NCS
#f6e1e8,0804-R30B,246,225,232,,,NCS
#f6e7f3,0804-R50B,246,231,243,,,NCS
#ebe5f6,0804-R70B,235,229,246,,,NCS
#e1e8f6,0804-R90B,225,232,246,,,NCS
#f6f3e6,0804-Y10R,246,243,230,,,NCS
#f6efe5,0804-Y30R,246,239,229,,,NCS
#f6ebe3,0804-Y50R,246,235,227,,,NCS
#f6e6e0,0804-Y70R,246,230,224,,,NCS
#f6e0de,0804-Y90R,246,224,222,,,NCS
#d9eff4,0907-B20G,217,239,244,,,NCS
#d8f4ee,0907-B80G,216,244,238,,,NCS
#e1f4da,0907-G20Y,225,244,218,,,NCS
#f0f4d9,0907-G60Y,240,244,217,,,NCS
#f4f1da,0907-G90Y,244,241,218,,,NCS
#f4cbd0,0907-R10B,244,203,208,,,NCS
#f4d0db,0907-R30B,244,208,219,,,NCS
#f4d9ef,0907-R50B,244,217,239,,,NCS
#e0d6f4,0907-R70B,224,214,244,,,NCS
#d0dcf4,0907-R90B,208,220,244,,,NCS
#f4edd8,0907-Y10R,244,237,216,,,NCS
#f4e8d5,0907-Y30R,244,232,213,,,NCS
#f4e1d2,0907-Y50R,244,225,210,,,NCS
#f4d8cf,0907-Y70R,244,216,207,,,NCS
#f4cecc,0907-Y90R,244,206,204,,,NCS
#e5e5e5,1000-N,229,229,229,,,NCS
#e8eef1,1002-B,232,238,241,,,NCS
#e8eef1,1002-B,232,238,241,,,NCS
#eaf1f1,1002-B50G,234,241,241,,,NCS
#e7f1eb,1002-G,231,241,235,,,NCS
#e7f1eb,1002-G,231,241,235,,,NCS
#eff1e9,1002-G50Y,239,241,233,,,NCS
#f1e4e5,1002-R,241,228,229,,,NCS
#f1e4e5,1002-R,241,228,229,,,NCS
#f1e9f0,1002-R50B,241,233,240,,,NCS
#f1f0e9,1002-Y,241,240,233,,,NCS
#f1ebe7,1002-Y50R,241,235,231,,,NCS
#dce9f1,1005-B,220,233,241,,,NCS
#deeef1,1005-B20G,222,238,241,,,NCS
#dff1f1,1005-B50G,223,241,241,,,NCS
#ddf1ed,1005-B80G,221,241,237,,,NCS
#ddf1ed,1005-B80G,221,241,237,,,NCS
#d8f1e2,1005-G,216,241,226,,,NCS
#dff1e0,1005-G10Y,223,241,224,,,NCS
#e4f1de,1005-G20Y,228,241,222,,,NCS
#e4f1de,1005-G20Y,228,241,222,,,NCS
#e7f1dd,1005-G30Y,231,241,221,,,NCS
#eaf1dc,1005-G40Y,234,241,220,,,NCS
#edf1dd,1005-G50Y,237,241,221,,,NCS
#eef1de,1005-G60Y,238,241,222,,,NCS
#f0f1df,1005-G70Y,240,241,223,,,NCS
#f1f1df,1005-G80Y,241,241,223,,,NCS
#f1f1df,1005-G80Y,241,241,223,,,NCS
#f1efdf,1005-G90Y,241,239,223,,,NCS
#f1d2d4,1005-R,241,210,212,,,NCS
#f1d3d7,1005-R10B,241,211,215,,,NCS
#f1d5db,1005-R20B,241,213,219,,,NCS
#f1d5db,1005-R20B,241,213,219,,,NCS
#f1d7e0,1005-R30B,241,215,224,,,NCS
#f1dae6,1005-R40B,241,218,230,,,NCS
#f1deed,1005-R50B,241,222,237,,,NCS
#eadcf1,1005-R60B,234,220,241,,,NCS
#e3dcf1,1005-R70B,227,220,241,,,NCS
#d5daf1,1005-R80B,213,218,241,,,NCS
#d7e0f1,1005-R90B,215,224,241,,,NCS
#f1eede,1005-Y,241,238,222,,,NCS
#f1ecdd,1005-Y10R,241,236,221,,,NCS
#f1eadc,1005-Y20R,241,234,220,,,NCS
#f1eadc,1005-Y20R,241,234,220,,,NCS
#f1e8db,1005-Y30R,241,232,219,,,NCS
#f1e6da,1005-Y40R,241,230,218,,,NCS
#f1e3d9,1005-Y50R,241,227,217,,,NCS
#f1e0d8,1005-Y60R,241,224,216,,,NCS
#f1ddd6,1005-Y70R,241,221,214,,,NCS
#f1d9d4,1005-Y80R,241,217,212,,,NCS
#f1d6d4,1005-Y90R,241,214,212,,,NCS
#c8e2f1,1010-B,200,226,241,,,NCS
#cae7f1,1010-B10G,202,231,241,,,NCS
#cdeef1,1010-B30G,205,238,241,,,NCS
#cef1f0,1010-B50G,206,241,240,,,NCS
#ccf1ec,1010-B70G,204,241,236,,,NCS
#c6f1de,1010-B90G,198,241,222,,,NCS
#c2f1d5,1010-G,194,241,213,,,NCS
#cff1d1,1010-G10Y,207,241,209,,,NCS
#d8f1cd,1010-G20Y,216,241,205,,,NCS
#def1cb,1010-G30Y,222,241,203,,,NCS
#e4f1c9,1010-G40Y,228,241,201,,,NCS
#e8f1cb,1010-G50Y,232,241,203,,,NCS
#ecf1cc,1010-G60Y,236,241,204,,,NCS
#eff1ce,1010-G70Y,239,241,206,,,NCS
#f1f0ce,1010-G80Y,241,240,206,,,NCS
#f1eecd,1010-G90Y,241,238,205,,,NCS
#f1b8bb,1010-R,241,184,187,,,NCS
#f1bac0,1010-R10B,241,186,192,,,NCS
#f1bdc7,1010-R20B,241,189,199,,,NCS
#f1c0d0,1010-R30B,241,192,208,,,NCS
#f1c5db,1010-R40B,241,197,219,,,NCS
#f1ccea,1010-R50B,241,204,234,,,NCS
#e4c9f1,1010-R60B,228,201,241,,,NCS
#d7c8f1,1010-R70B,215,200,241,,,NCS
#bcc6f1,1010-R80B,188,198,241,,,NCS
#c1d1f1,1010-R90B,193,209,241,,,NCS
#f1eccc,1010-Y,241,236,204,,,NCS
#f1e8cb,1010-Y10R,241,232,203,,,NCS
#f1e4c9,1010-Y20R,241,228,201,,,NCS
#f1e0c7,1010-Y30R,241,224,199,,,NCS
#f1dcc5,1010-Y40R,241,220,197,,,NCS
#f1d7c3,1010-Y50R,241,215,195,,,NCS
#f1d1c1,1010-Y60R,241,209,193,,,NCS
#f1cbbe,1010-Y70R,241,203,190,,,NCS
#f1c5bc,1010-Y80R,241,197,188,,,NCS
#f1bebb,1010-Y90R,241,190,187,,,NCS
#b6dbf1,1015-B,182,219,241,,,NCS
#bbe8f1,1015-B20G,187,232,241,,,NCS
#bef1ef,1015-B50G,190,241,239,,,NCS
#baf1e5,1015-B80G,186,241,229,,,NCS
#aef1c8,1015-G,174,241,200,,,NCS
#cdf1be,1015-G20Y,205,241,190,,,NCS
#def1b7,1015-G40Y,222,241,183,,,NCS
#eaf1bc,1015-G60Y,234,241,188,,,NCS
#f1f0be,1015-G80Y,241,240,190,,,NCS
#f1ecbd,1015-G90Y,241,236,189,,,NCS
#f1a1a6,1015-R,241,161,166,,,NCS
#f1a4ad,1015-R10B,241,164,173,,,NCS
#f1a7b6,1015-R20B,241,167,182,,,NCS
#f1b2d2,1015-R40B,241,178,210,,,NCS
#dfb7f1,1015-R60B,223,183,241,,,NCS
#a6b4f1,1015-R80B,166,180,241,,,NCS
#acc3f1,1015-R90B,172,195,241,,,NCS
#f1e9bb,1015-Y,241,233,187,,,NCS
#f1e4b9,1015-Y10R,241,228,185,,,NCS
#f1dfb7,1015-Y20R,241,223,183,,,NCS
#f1d9b5,1015-Y30R,241,217,181,,,NCS
#f1d2b2,1015-Y40R,241,210,178,,,NCS
#f1cbb0,1015-Y50R,241,203,176,,,NCS
#f1c4ad,1015-Y60R,241,196,173,,,NCS
#f1bca9,1015-Y70R,241,188,169,,,NCS
#f1b3a6,1015-Y80R,241,179,166,,,NCS
#f1aaa5,1015-Y90R,241,170,165,,,NCS
#a5d5f1,1020-B,165,213,241,,,NCS
#a8dff1,1020-B10G,168,223,241,,,NCS
#adebf1,1020-B30G,173,235,241,,,NCS
#afeff1,1020-B40G,175,239,241,,,NCS
#aef1ef,1020-B50G,174,241,239,,,NCS
#adf1eb,1020-B60G,173,241,235,,,NCS
#abf1e7,1020-B70G,171,241,231,,,NCS
#a2f1ce,1020-B90G,162,241,206,,,NCS
#9cf1bd,1020-G,156,241,189,,,NCS
#b3f1b5,1020-G10Y,179,241,181,,,NCS
#c2f1af,1020-G20Y,194,241,175,,,NCS
#cef1aa,1020-G30Y,206,241,170,,,NCS
#d8f1a6,1020-G40Y,216,241,166,,,NCS
#e1f1a9,1020-G50Y,225,241,169,,,NCS
#e7f1ac,1020-G60Y,231,241,172,,,NCS
#eef1ae,1020-G70Y,238,241,174,,,NCS
#f1efae,1020-G80Y,241,239,174,,,NCS
#f1eaad,1020-G90Y,241,234,173,,,NCS
#f18d94,1020-R,241,141,148,,,NCS
#f1909c,1020-R10B,241,144,156,,,NCS
#f194a7,1020-R20B,241,148,167,,,NCS
#f19ab5,1020-R30B,241,154,181,,,NCS
#f1a1c9,1020-R40B,241,161,201,,,NCS
#f1aae4,1020-R50B,241,170,228,,,NCS
#d9a7f1,1020-R60B,217,167,241,,,NCS
#c1a7f1,1020-R70B,193,167,241,,,NCS
#93a5f1,1020-R80B,147,165,241,,,NCS
#9ab7f1,1020-R90B,154,183,241,,,NCS
#f1e7ab,1020-Y,241,231,171,,,NCS
#f1e0a9,1020-Y10R,241,224,169,,,NCS
#f1d9a7,1020-Y20R,241,217,167,,,NCS
#f1d2a4,1020-Y30R,241,210,164,,,NCS
#f1caa1,1020-Y40R,241,202,161,,,NCS
#f1c19e,1020-Y50R,241,193,158,,,NCS
#f1b89a,1020-Y60R,241,184,154,,,NCS
#f1ae97,1020-Y70R,241,174,151,,,NCS
#f1a393,1020-Y80R,241,163,147,,,NCS
#f19892,1020-Y90R,241,152,146,,,NCS
#86c9f1,1030-B,134,201,241,,,NCS
#8bd7f1,1030-B10G,139,215,241,,,NCS
#90e8f1,1030-B30G,144,232,241,,,NCS
#92eef1,1030-B40G,146,238,241,,,NCS
#92f1ee,1030-B50G,146,241,238,,,NCS
#90f1e8,1030-B60G,144,241,232,,,NCS
#8ef1e2,1030-B70G,142,241,226,,,NCS
#84f1c0,1030-B90G,132,241,192,,,NCS
#7df1aa,1030-G,125,241,170,,,NCS
#9bf19f,1030-G10Y,155,241,159,,,NCS
#b0f195,1030-G20Y,176,241,149,,,NCS
#c1f18e,1030-G30Y,193,241,142,,,NCS
#cef188,1030-G40Y,206,241,136,,,NCS
#daf18b,1030-G50Y,218,241,139,,,NCS
#e3f18e,1030-G60Y,227,241,142,,,NCS
#ecf191,1030-G70Y,236,241,145,,,NCS
#f1ee92,1030-G80Y,241,238,146,,,NCS
#f1e890,1030-G90Y,241,232,144,,,NCS
#f16d76,1030-R,241,109,118,,,NCS
#f17080,1030-R10B,241,112,128,,,NCS
#f1748d,1030-R20B,241,116,141,,,NCS
#f17aa0,1030-R30B,241,122,160,,,NCS
#f182b9,1030-R40B,241,130,185,,,NCS
#f18dde,1030-R50B,241,141,222,,,NCS
#d088f1,1030-R60B,208,136,241,,,NCS
#ae8af1,1030-R70B,174,138,241,,,NCS
#738bf1,1030-R80B,115,139,241,,,NCS
#7aa1f1,1030-R90B,122,161,241,,,NCS
#f1e28e,1030-Y,241,226,142,,,NCS
#f1d98b,1030-Y10R,241,217,139,,,NCS
#f1d088,1030-Y20R,241,208,136,,,NCS
#f1c585,1030-Y30R,241,197,133,,,NCS
#f1bb82,1030-Y40R,241,187,130,,,NCS
#f1af7f,1030-Y50R,241,175,127,,,NCS
#f1a37b,1030-Y60R,241,163,123,,,NCS
#f19677,1030-Y70R,241,150,119,,,NCS
#f18973,1030-Y80R,241,137,115,,,NCS
#f17b73,1030-Y90R,241,123,115,,,NCS
#6cbff1,1040-B,108,191,241,,,NCS
#70d0f1,1040-B10G,112,208,241,,,NCS
#73dcf1,1040-B20G,115,220,241,,,NCS
#75e5f1,1040-B30G,117,229,241,,,NCS
#77eef1,1040-B40G,119,238,241,,,NCS
#77f1ed,1040-B50G,119,241,237,,,NCS
#75f1e6,1040-B60G,117,241,230,,,NCS
#74f1de,1040-B70G,116,241,222,,,NCS
#71f1d5,1040-B80G,113,241,213,,,NCS
#69f1b4,1040-B90G,105,241,180,,,NCS
#63f19a,1040-G,99,241,154,,,NCS
#86f18b,1040-G10Y,134,241,139,,,NCS
#a0f17f,1040-G20Y,160,241,127,,,NCS
#b5f175,1040-G30Y,181,241,117,,,NCS
#c5f16e,1040-G40Y,197,241,110,,,NCS
#d4f171,1040-G50Y,212,241,113,,,NCS
#dff174,1040-G60Y,223,241,116,,,NCS
#ebf177,1040-G70Y,235,241,119,,,NCS
#f1ed77,1040-G80Y,241,237,119,,,NCS
#f1e575,1040-G90Y,241,229,117,,,NCS
#f1535e,1040-R,241,83,94,,,NCS
#f15669,1040-R10B,241,86,105,,,NCS
#f15a79,1040-R20B,241,90,121,,,NCS
#f1608e,1040-R30B,241,96,142,,,NCS
#f167ac,1040-R40B,241,103,172,,,NCS
#f172d9,1040-R50B,241,114,217,,,NCS
#c76ef1,1040-R60B,199,110,241,,,NCS
#9e72f1,1040-R70B,158,114,241,,,NCS
#5975f1,1040-R80B,89,117,241,,,NCS
#6090f1,1040-R90B,96,144,241,,,NCS
#f1de74,1040-Y,241,222,116,,,NCS
#f1d371,1040-Y10R,241,211,113,,,NCS
#f1c76e,1040-Y20R,241,199,110,,,NCS
#f1bb6b,1040-Y30R,241,187,107,,,NCS
#f1ae67,1040-Y40R,241,174,103,,,NCS
#f1a064,1040-Y50R,241,160,100,,,NCS
#f19260,1040-Y60R,241,146,96,,,NCS
#f1835d,1040-Y70R,241,131,93,,,NCS
#f17359,1040-Y80R,241,115,89,,,NCS
#f1645a,1040-Y90R,241,100,90,,,NCS
#54b6f1,1050-B,84,182,241,,,NCS
#58caf1,1050-B10G,88,202,241,,,NCS
#5bd8f1,1050-B20G,91,216,241,,,NCS
#5de3f1,1050-B30G,93,227,241,,,NCS
#5fedf1,1050-B40G,95,237,241,,,NCS
#5ff1ec,1050-B50G,95,241,236,,,NCS
#5df1e3,1050-B60G,93,241,227,,,NCS
#5cf1db,1050-B70G,92,241,219,,,NCS
#59f1cf,1050-B80G,89,241,207,,,NCS
#52f1aa,1050-B90G,82,241,170,,,NCS
#4cf18c,1050-G,76,241,140,,,NCS
#75f17a,1050-G10Y,117,241,122,,,NCS
#75f17a,1050-G10Y,117,241,122,,,NCS
#92f16b,1050-G20Y,146,241,107,,,NCS
#92f16b,1050-G20Y,146,241,107,,,NCS
#aaf160,1050-G30Y,170,241,96,,,NCS
#bdf156,1050-G40Y,189,241,86,,,NCS
#cef159,1050-G50Y,206,241,89,,,NCS
#dcf15c,1050-G60Y,220,241,92,,,NCS
#eaf15f,1050-G70Y,234,241,95,,,NCS
#f1ed5f,1050-G80Y,241,237,95,,,NCS
#f1e35d,1050-G90Y,241,227,93,,,NCS
#f13f4a,1050-R,241,63,74,,,NCS
#f14157,1050-R10B,241,65,87,,,NCS
#f14567,1050-R20B,241,69,103,,,NCS
#f1497f,1050-R30B,241,73,127,,,NCS
#f150a1,1050-R40B,241,80,161,,,NCS
#4a81f1,1050-R90B,74,129,241,,,NCS
#f1db5c,1050-Y,241,219,92,,,NCS
#f1cd59,1050-Y10R,241,205,89,,,NCS
#f1c056,1050-Y20R,241,192,86,,,NCS
#f1b153,1050-Y30R,241,177,83,,,NCS
#f1a250,1050-Y40R,241,162,80,,,NCS
#f1934d,1050-Y50R,241,147,77,,,NCS
#f1834a,1050-Y60R,241,131,74,,,NCS
#f17247,1050-Y70R,241,114,71,,,NCS
#f16143,1050-Y80R,241,97,67,,,NCS
#f15045,1050-Y90R,241,80,69,,,NCS
#47f1a5,1055-B90G,71,241,165,,,NCS
#40aff1,1060-B,64,175,241,,,NCS
#39f180,1060-G,57,241,128,,,NCS
#65f16b,1060-G10Y,101,241,107,,,NCS
#86f15a,1060-G20Y,134,241,90,,,NCS
#a0f14c,1060-G30Y,160,241,76,,,NCS
#b6f141,1060-G40Y,182,241,65,,,NCS
#c9f144,1060-G50Y,201,241,68,,,NCS
#d9f146,1060-G60Y,217,241,70,,,NCS
#e9f149,1060-G70Y,233,241,73,,,NCS
#f1ec49,1060-G80Y,241,236,73,,,NCS
#f1e147,1060-G90Y,241,225,71,,,NCS
#f12e3a,1060-R,241,46,58,,,NCS
#f13047,1060-R10B,241,48,71,,,NCS
#f13259,1060-R20B,241,50,89,,,NCS
#f13672,1060-R30B,241,54,114,,,NCS
#f1d746,1060-Y,241,215,70,,,NCS
#f1c844,1060-Y10R,241,200,68,,,NCS
#f1b941,1060-Y20R,241,185,65,,,NCS
#f1a93f,1060-Y30R,241,169,63,,,NCS
#f1983c,1060-Y40R,241,152,60,,,NCS
#f1883a,1060-Y50R,241,136,58,,,NCS
#f17637,1060-Y60R,241,118,55,,,NCS
#f16534,1060-Y70R,241,101,52,,,NCS
#f15331,1060-Y80R,241,83,49,,,NCS
#f14134,1060-Y90R,241,65,52,,,NCS
#57f15e,1070-G10Y,87,241,94,,,NCS
#7bf14b,1070-G20Y,123,241,75,,,NCS
#98f13b,1070-G30Y,152,241,59,,,NCS
#b0f12e,1070-G40Y,176,241,46,,,NCS
#c5f130,1070-G50Y,197,241,48,,,NCS
#d6f132,1070-G60Y,214,241,50,,,NCS
#e8f134,1070-G70Y,232,241,52,,,NCS
#f1eb35,1070-G80Y,241,235,53,,,NCS
#f1df33,1070-G90Y,241,223,51,,,NCS
#f11f2d,1070-R,241,31,45,,,NCS
#f1213a,1070-R10B,241,33,58,,,NCS
#f1234c,1070-R20B,241,35,76,,,NCS
#f1d432,1070-Y,241,212,50,,,NCS
#f1c430,1070-Y10R,241,196,48,,,NCS
#f1b32e,1070-Y20R,241,179,46,,,NCS
#f1a12c,1070-Y30R,241,161,44,,,NCS
#f1902a,1070-Y40R,241,144,42,,,NCS
#f17e28,1070-Y50R,241,126,40,,,NCS
#f16b26,1070-Y60R,241,107,38,,,NCS
#f15924,1070-Y70R,241,89,36,,,NCS
#f14622,1070-Y80R,241,70,34,,,NCS
#f13326,1070-Y90R,241,51,38,,,NCS
#76f144,1075-G20Y,118,241,68,,,NCS
#adf126,1075-G40Y,173,241,38,,,NCS
#c3f127,1075-G50Y,195,241,39,,,NCS
#d5f129,1075-G60Y,213,241,41,,,NCS
#e7f12b,1075-G70Y,231,241,43,,,NCS
#f1eb2b,1075-G80Y,241,235,43,,,NCS
#f1de2a,1075-G90Y,241,222,42,,,NCS
#91f12c,1080-G30Y,145,241,44,,,NCS
#f11322,1080-R,241,19,34,,,NCS
#f1d220,1080-Y,241,210,32,,,NCS
#f1c01e,1080-Y10R,241,192,30,,,NCS
#f1ad1d,1080-Y20R,241,173,29,,,NCS
#f19b1c,1080-Y30R,241,155,28,,,NCS
#f1881b,1080-Y40R,241,136,27,,,NCS
#f17519,1080-Y50R,241,117,25,,,NCS
#f16218,1080-Y60R,241,98,24,,,NCS
#f14e16,1080-Y70R,241,78,22,,,NCS
#f13b15,1080-Y80R,241,59,21,,,NCS
#f1281a,1080-Y90R,241,40,26,,,NCS
#f1360f,1085-Y80R,241,54,15,,,NCS
#f12214,1085-Y90R,241,34,20,,,NCS
#d8d8d8,1500-N,216,216,216,,,NCS
#dbe1e4,1502-B,219,225,228,,,NCS
#dde4e3,1502-B50G,221,228,227,,,NCS
#dae4de,1502-G,218,228,222,,,NCS
#e2e4dc,1502-G50Y,226,228,220,,,NCS
#e4d7d8,1502-R,228,215,216,,,NCS
#e4dce2,1502-R50B,228,220,226,,,NCS
#e4e3dc,1502-Y,228,227,220,,,NCS
#e4deda,1502-Y50R,228,222,218,,,NCS
#e4e3d3,1505-G80Y,228,227,211,,,NCS
#e4e2d2,1505-G90Y,228,226,210,,,NCS
#e4e1d2,1505-Y,228,225,210,,,NCS
#e4dfd1,1505-Y10R,228,223,209,,,NCS
#e4ddd0,1505-Y20R,228,221,208,,,NCS
#e4dbcf,1505-Y30R,228,219,207,,,NCS
#e4d9ce,1505-Y40R,228,217,206,,,NCS
#e4d7cd,1505-Y50R,228,215,205,,,NCS
#e4d4cc,1505-Y60R,228,212,204,,,NCS
#e4d1ca,1505-Y70R,228,209,202,,,NCS
#e4cdc9,1505-Y80R,228,205,201,,,NCS
#e4cac8,1505-Y90R,228,202,200,,,NCS
#bdd5e4,1510-B,189,213,228,,,NCS
#c1dee4,1510-B20G,193,222,228,,,NCS
#c3e4e3,1510-B50G,195,228,227,,,NCS
#c0e4dc,1510-B80G,192,228,220,,,NCS
#b8e4c9,1510-G,184,228,201,,,NCS
#cce4c2,1510-G20Y,204,228,194,,,NCS
#d7e4be,1510-G40Y,215,228,190,,,NCS
#dfe4c1,1510-G60Y,223,228,193,,,NCS
#e4e3c3,1510-G80Y,228,227,195,,,NCS
#e4e0c2,1510-G90Y,228,224,194,,,NCS
#e4adb1,1510-R,228,173,177,,,NCS
#e4afb6,1510-R10B,228,175,182,,,NCS
#e4b2bc,1510-R20B,228,178,188,,,NCS
#e4bacf,1510-R40B,228,186,207,,,NCS
#d8bee4,1510-R60B,216,190,228,,,NCS
#b2bbe4,1510-R80B,178,187,228,,,NCS
#b6c5e4,1510-R90B,182,197,228,,,NCS
#e4dec1,1510-Y,228,222,193,,,NCS
#e4dbbf,1510-Y10R,228,219,191,,,NCS
#e4d8be,1510-Y20R,228,216,190,,,NCS
#e4d4bc,1510-Y30R,228,212,188,,,NCS
#e4d0ba,1510-Y40R,228,208,186,,,NCS
#e4cbb8,1510-Y50R,228,203,184,,,NCS
#e4c6b6,1510-Y60R,228,198,182,,,NCS
#e4c0b4,1510-Y70R,228,192,180,,,NCS
#e4bab1,1510-Y80R,228,186,177,,,NCS
#e4b4b1,1510-Y90R,228,180,177,,,NCS
#accfe4,1515-B,172,207,228,,,NCS
#b1dbe4,1515-B20G,177,219,228,,,NCS
#b3e4e2,1515-B50G,179,228,226,,,NCS
#afe4d8,1515-B80G,175,228,216,,,NCS
#a5e4bd,1515-G,165,228,189,,,NCS
#c1e4b3,1515-G20Y,193,228,179,,,NCS
#d1e4ad,1515-G40Y,209,228,173,,,NCS
#dde4b1,1515-G60Y,221,228,177,,,NCS
#e4e2b3,1515-G80Y,228,226,179,,,NCS
#e4dfb2,1515-G90Y,228,223,178,,,NCS
#e4989d,1515-R,228,152,157,,,NCS
#e49ba3,1515-R10B,228,155,163,,,NCS
#e49eac,1515-R20B,228,158,172,,,NCS
#e4a8c6,1515-R40B,228,168,198,,,NCS
#d2ade4,1515-R60B,210,173,228,,,NCS
#9daae4,1515-R80B,157,170,228,,,NCS
#a3b8e4,1515-R90B,163,184,228,,,NCS
#e4dcb1,1515-Y,228,220,177,,,NCS
#e4d7af,1515-Y10R,228,215,175,,,NCS
#e4d2ad,1515-Y20R,228,210,173,,,NCS
#e4cdab,1515-Y30R,228,205,171,,,NCS
#e4c7a8,1515-Y40R,228,199,168,,,NCS
#e4c0a6,1515-Y50R,228,192,166,,,NCS
#e4b9a3,1515-Y60R,228,185,163,,,NCS
#e4b1a0,1515-Y70R,228,177,160,,,NCS
#e4a99d,1515-Y80R,228,169,157,,,NCS
#e4a19c,1515-Y90R,228,161,156,,,NCS
#8857e4,1550-R70B,136,87,228,,,NCS
#405ee4,1550-R80B,64,94,228,,,NCS
#49bce4,1555-B10G,73,188,228,,,NCS
#824ee4,1555-R70B,130,78,228,,,NCS
#3757e4,1555-R80B,55,87,228,,,NCS
#346ee4,1560-R90B,52,110,228,,,NCS
#33a1e4,1565-B,51,161,228,,,NCS
#2de474,1565-G,45,228,116,,,NCS
#e41931,1575-R10B,228,25,49,,,NCS
#e41220,1580-R,228,18,32,,,NCS
#e43814,1580-Y80R,228,56,20,,,NCS
#e42518,1580-Y90R,228,37,24,,,NCS
#cccccc,2000-N,204,204,204,,,NCS
#cfd3d6,2002-B,207,211,214,,,NCS
#d0d6d6,2002-B50G,208,214,214,,,NCS
#cdd6d1,2002-G,205,214,209,,,NCS
#d5d6cf,2002-G50Y,213,214,207,,,NCS
#d6cbcb,2002-R,214,203,203,,,NCS
#d6cfd5,2002-R50B,214,207,213,,,NCS
#d6d5cf,2002-Y,214,213,207,,,NCS
#d6d1cd,2002-Y50R,214,209,205,,,NCS
#c3cfd6,2005-B,195,207,214,,,NCS
#c5d3d6,2005-B20G,197,211,214,,,NCS
#c5d3d6,2005-B20G,197,211,214,,,NCS
#c6d6d6,2005-B50G,198,214,214,,,NCS
#c5d6d2,2005-B80G,197,214,210,,,NCS
#c5d6d2,2005-B80G,197,214,210,,,NCS
#c0d6c9,2005-G,192,214,201,,,NCS
#c6d6c7,2005-G10Y,198,214,199,,,NCS
#cbd6c6,2005-G20Y,203,214,198,,,NCS
#cbd6c6,2005-G20Y,203,214,198,,,NCS
#ced6c5,2005-G30Y,206,214,197,,,NCS
#d0d6c4,2005-G40Y,208,214,196,,,NCS
#d2d6c5,2005-G50Y,210,214,197,,,NCS
#d4d6c6,2005-G60Y,212,214,198,,,NCS
#d6d6c6,2005-G70Y,214,214,198,,,NCS
#d6d6c6,2005-G80Y,214,214,198,,,NCS
#d6d5c6,2005-G90Y,214,213,198,,,NCS
#d6bbbc,2005-R,214,187,188,,,NCS
#d6bcbf,2005-R10B,214,188,191,,,NCS
#d6bdc2,2005-R20B,214,189,194,,,NCS
#d6bdc2,2005-R20B,214,189,194,,,NCS
#d6bfc7,2005-R30B,214,191,199,,,NCS
#d6c2cc,2005-R40B,214,194,204,,,NCS
#d6c5d3,2005-R50B,214,197,211,,,NCS
#d6c5d3,2005-R50B,214,197,211,,,NCS
#d0c4d6,2005-R60B,208,196,214,,,NCS
#cac3d6,2005-R70B,202,195,214,,,NCS
#bdc2d6,2005-R80B,189,194,214,,,NCS
#c0c7d6,2005-R90B,192,199,214,,,NCS
#d6d4c5,2005-Y,214,212,197,,,NCS
#d6d2c5,2005-Y10R,214,210,197,,,NCS
#d6d0c4,2005-Y20R,214,208,196,,,NCS
#d6cfc3,2005-Y30R,214,207,195,,,NCS
#d6ccc2,2005-Y40R,214,204,194,,,NCS
#d6cac1,2005-Y50R,214,202,193,,,NCS
#d6cac1,2005-Y50R,214,202,193,,,NCS
#d6c7c0,2005-Y60R,214,199,192,,,NCS
#d6c4be,2005-Y70R,214,196,190,,,NCS
#d6c1bd,2005-Y80R,214,193,189,,,NCS
#d6bebc,2005-Y90R,214,190,188,,,NCS
#b2c9d6,2010-B,178,201,214,,,NCS
#b4ced6,2010-B10G,180,206,214,,,NCS
#b6d3d6,2010-B30G,182,211,214,,,NCS
#b7d6d5,2010-B50G,183,214,213,,,NCS
#b6d6d1,2010-B70G,182,214,209,,,NCS
#b0d6c5,2010-B90G,176,214,197,,,NCS
#add6bd,2010-G,173,214,189,,,NCS
#b8d6b9,2010-G10Y,184,214,185,,,NCS
#c0d6b7,2010-G20Y,192,214,183,,,NCS
#c6d6b4,2010-G30Y,198,214,180,,,NCS
#cad6b3,2010-G40Y,202,214,179,,,NCS
#ced6b4,2010-G50Y,206,214,180,,,NCS
#d2d6b6,2010-G60Y,210,214,182,,,NCS
#d5d6b7,2010-G70Y,213,214,183,,,NCS
#d6d5b7,2010-G80Y,214,213,183,,,NCS
#d6d3b6,2010-G90Y,214,211,182,,,NCS
#d6a3a6,2010-R,214,163,166,,,NCS
#d6a5ab,2010-R10B,214,165,171,,,NCS
#d6a8b1,2010-R20B,214,168,177,,,NCS
#d6abb9,2010-R30B,214,171,185,,,NCS
#d6afc3,2010-R40B,214,175,195,,,NCS
#d6b5d0,2010-R50B,214,181,208,,,NCS
#cbb3d6,2010-R60B,203,179,214,,,NCS
#bfb2d6,2010-R70B,191,178,214,,,NCS
#a7b0d6,2010-R80B,167,176,214,,,NCS
#abb9d6,2010-R90B,171,185,214,,,NCS
#d6d1b6,2010-Y,214,209,182,,,NCS
#d6ceb4,2010-Y10R,214,206,180,,,NCS
#d6cbb3,2010-Y20R,214,203,179,,,NCS
#d6c7b1,2010-Y30R,214,199,177,,,NCS
#d6c3af,2010-Y40R,214,195,175,,,NCS
#d6bfae,2010-Y50R,214,191,174,,,NCS
#d6baac,2010-Y60R,214,186,172,,,NCS
#d6b5a9,2010-Y70R,214,181,169,,,NCS
#d6afa7,2010-Y80R,214,175,167,,,NCS
#d6a9a6,2010-Y90R,214,169,166,,,NCS
#92bdd6,2020-B,146,189,214,,,NCS
#96c6d6,2020-B10G,150,198,214,,,NCS
#9ad1d6,2020-B30G,154,209,214,,,NCS
#9bd5d6,2020-B40G,155,213,214,,,NCS
#9bd6d4,2020-B50G,155,214,212,,,NCS
#9ad6d1,2020-B60G,154,214,209,,,NCS
#98d6cd,2020-B70G,152,214,205,,,NCS
#90d6b7,2020-B90G,144,214,183,,,NCS
#8bd6a8,2020-G,139,214,168,,,NCS
#9fd6a1,2020-G10Y,159,214,161,,,NCS
#add69c,2020-G20Y,173,214,156,,,NCS
#b7d697,2020-G30Y,183,214,151,,,NCS
#c0d694,2020-G40Y,192,214,148,,,NCS
#c8d696,2020-G50Y,200,214,150,,,NCS
#ced699,2020-G60Y,206,214,153,,,NCS
#d3d69b,2020-G70Y,211,214,155,,,NCS
#d6d49b,2020-G80Y,214,212,155,,,NCS
#d6d09a,2020-G90Y,214,208,154,,,NCS
#d67e83,2020-R,214,126,131,,,NCS
#d6808b,2020-R10B,214,128,139,,,NCS
#d68494,2020-R20B,214,132,148,,,NCS
#d688a1,2020-R30B,214,136,161,,,NCS
#d68fb3,2020-R40B,214,143,179,,,NCS
#d697ca,2020-R50B,214,151,202,,,NCS
#c194d6,2020-R60B,193,148,214,,,NCS
#ab94d6,2020-R70B,171,148,214,,,NCS
#8392d6,2020-R80B,131,146,214,,,NCS
#89a2d6,2020-R90B,137,162,214,,,NCS
#d6cd98,2020-Y,214,205,152,,,NCS
#d6c796,2020-Y10R,214,199,150,,,NCS
#d6c194,2020-Y20R,214,193,148,,,NCS
#d6bb92,2020-Y30R,214,187,146,,,NCS
#d6b38f,2020-Y40R,214,179,143,,,NCS
#d6ac8c,2020-Y50R,214,172,140,,,NCS
#d6a389,2020-Y60R,214,163,137,,,NCS
#d69b86,2020-Y70R,214,155,134,,,NCS
#d69183,2020-Y80R,214,145,131,,,NCS
#d68882,2020-Y90R,214,136,130,,,NCS
#77b3d6,2030-B,119,179,214,,,NCS
#7bbfd6,2030-B10G,123,191,214,,,NCS
#80ced6,2030-B30G,128,206,214,,,NCS
#82d4d6,2030-B40G,130,212,214,,,NCS
#81d6d3,2030-B50G,129,214,211,,,NCS
#80d6ce,2030-B60G,128,214,206,,,NCS
#7ed6c9,2030-B70G,126,214,201,,,NCS
#75d6ab,2030-B90G,117,214,171,,,NCS
#6fd697,2030-G,111,214,151,,,NCS
#8ad68d,2030-G10Y,138,214,141,,,NCS
#9cd685,2030-G20Y,156,214,133,,,NCS
#abd67e,2030-G30Y,171,214,126,,,NCS
#b7d679,2030-G40Y,183,214,121,,,NCS
#c2d67c,2030-G50Y,194,214,124,,,NCS
#cad67f,2030-G60Y,202,214,127,,,NCS
#d2d681,2030-G70Y,210,214,129,,,NCS
#d6d481,2030-G80Y,214,212,129,,,NCS
#d6ce80,2030-G90Y,214,206,128,,,NCS
#d66168,2030-R,214,97,104,,,NCS
#d66471,2030-R10B,214,100,113,,,NCS
#d6677e,2030-R20B,214,103,126,,,NCS
#d66c8e,2030-R30B,214,108,142,,,NCS
#d673a5,2030-R40B,214,115,165,,,NCS
#d67dc5,2030-R50B,214,125,197,,,NCS
#b979d6,2030-R60B,185,121,214,,,NCS
#9b7bd6,2030-R70B,155,123,214,,,NCS
#677bd6,2030-R80B,103,123,214,,,NCS
#6d8fd6,2030-R90B,109,143,214,,,NCS
#d6c97e,2030-Y,214,201,126,,,NCS
#d6c17c,2030-Y10R,214,193,124,,,NCS
#d6b979,2030-Y20R,214,185,121,,,NCS
#d6b076,2030-Y30R,214,176,118,,,NCS
#d6a674,2030-Y40R,214,166,116,,,NCS
#d69c70,2030-Y50R,214,156,112,,,NCS
#d6916d,2030-Y60R,214,145,109,,,NCS
#d6856a,2030-Y70R,214,133,106,,,NCS
#d67966,2030-Y80R,214,121,102,,,NCS
#d66d66,2030-Y90R,214,109,102,,,NCS
#60aad6,2040-B,96,170,214,,,NCS
#64b9d6,2040-B10G,100,185,214,,,NCS
#66c4d6,2040-B20G,102,196,214,,,NCS
#68ccd6,2040-B30G,104,204,214,,,NCS
#6ad3d6,2040-B40G,106,211,214,,,NCS
#6ad6d3,2040-B50G,106,214,211,,,NCS
#68d6cc,2040-B60G,104,214,204,,,NCS
#67d6c6,2040-B70G,103,214,198,,,NCS
#65d6bd,2040-B80G,101,214,189,,,NCS
#5dd6a0,2040-B90G,93,214,160,,,NCS
#58d689,2040-G,88,214,137,,,NCS
#77d67c,2040-G10Y,119,214,124,,,NCS
#8ed671,2040-G20Y,142,214,113,,,NCS
#a0d668,2040-G30Y,160,214,104,,,NCS
#afd661,2040-G40Y,175,214,97,,,NCS
#bcd664,2040-G50Y,188,214,100,,,NCS
#c7d667,2040-G60Y,199,214,103,,,NCS
#d1d66a,2040-G70Y,209,214,106,,,NCS
#d6d36a,2040-G80Y,214,211,106,,,NCS
#d6cc68,2040-G90Y,214,204,104,,,NCS
#d64a53,2040-R,214,74,83,,,NCS
#d64d5d,2040-R10B,214,77,93,,,NCS
#d6506b,2040-R20B,214,80,107,,,NCS
#d6557e,2040-R30B,214,85,126,,,NCS
#d65c99,2040-R40B,214,92,153,,,NCS
#d666c1,2040-R50B,214,102,193,,,NCS
#b162d6,2040-R60B,177,98,214,,,NCS
#8d65d6,2040-R70B,141,101,214,,,NCS
#4f68d6,2040-R80B,79,104,214,,,NCS
#5580d6,2040-R90B,85,128,214,,,NCS
#d6c667,2040-Y,214,198,103,,,NCS
#d6bc64,2040-Y10R,214,188,100,,,NCS
#d6b162,2040-Y20R,214,177,98,,,NCS
#d6a65f,2040-Y30R,214,166,95,,,NCS
#d69a5c,2040-Y40R,214,154,92,,,NCS
#d68e59,2040-Y50R,214,142,89,,,NCS
#d68156,2040-Y60R,214,129,86,,,NCS
#d67452,2040-Y70R,214,116,82,,,NCS
#d6664f,2040-Y80R,214,102,79,,,NCS
#d65950,2040-Y90R,214,89,80,,,NCS
#4ba2d6,2050-B,75,162,214,,,NCS
#4fb4d6,2050-B10G,79,180,214,,,NCS
#51c0d6,2050-B20G,81,192,214,,,NCS
#53cad6,2050-B30G,83,202,214,,,NCS
#55d3d6,2050-B40G,85,211,214,,,NCS
#55d6d2,2050-B50G,85,214,210,,,NCS
#53d6ca,2050-B60G,83,214,202,,,NCS
#51d6c3,2050-B70G,81,214,195,,,NCS
#4fd6b8,2050-B80G,79,214,184,,,NCS
#49d697,2050-B90G,73,214,151,,,NCS
#44d67d,2050-G,68,214,125,,,NCS
#68d66c,2050-G10Y,104,214,108,,,NCS
#82d660,2050-G20Y,130,214,96,,,NCS
#97d655,2050-G30Y,151,214,85,,,NCS
#a8d64d,2050-G40Y,168,214,77,,,NCS
#b7d64f,2050-G50Y,183,214,79,,,NCS
#c4d652,2050-G60Y,196,214,82,,,NCS
#d0d654,2050-G70Y,208,214,84,,,NCS
#d6d255,2050-G80Y,214,210,85,,,NCS
#d6ca53,2050-G90Y,214,202,83,,,NCS
#d63842,2050-R,214,56,66,,,NCS
#d63a4d,2050-R10B,214,58,77,,,NCS
#d63d5c,2050-R20B,214,61,92,,,NCS
#d64171,2050-R30B,214,65,113,,,NCS
#d6478f,2050-R40B,214,71,143,,,NCS
#d650bd,2050-R50B,214,80,189,,,NCS
#aa4dd6,2050-R60B,170,77,214,,,NCS
#8052d6,2050-R70B,128,82,214,,,NCS
#3c59d6,2050-R80B,60,89,214,,,NCS
#4172d6,2050-R90B,65,114,214,,,NCS
#d6c251,2050-Y,214,194,81,,,NCS
#d6b74f,2050-Y10R,214,183,79,,,NCS
#d6aa4d,2050-Y20R,214,170,77,,,NCS
#d69e4a,2050-Y30R,214,158,74,,,NCS
#d69047,2050-Y40R,214,144,71,,,NCS
#d68345,2050-Y50R,214,131,69,,,NCS
#d67442,2050-Y60R,214,116,66,,,NCS
#d6663f,2050-Y70R,214,102,63,,,NCS
#d6573c,2050-Y80R,214,87,60,,,NCS
#d6483e,2050-Y90R,214,72,62,,,NCS
#45b1d6,2055-B10G,69,177,214,,,NCS
#399bd6,2060-B,57,155,214,,,NCS
#41d6d1,2060-B50G,65,214,209,,,NCS
#3ed6c0,2060-B70G,62,214,192,,,NCS
#37d68f,2060-B90G,55,214,143,,,NCS
#32d672,2060-G,50,214,114,,,NCS
#5ad65f,2060-G10Y,90,214,95,,,NCS
#77d650,2060-G20Y,119,214,80,,,NCS
#8fd644,2060-G30Y,143,214,68,,,NCS
#a2d63a,2060-G40Y,162,214,58,,,NCS
#b3d63c,2060-G50Y,179,214,60,,,NCS
#c1d63e,2060-G60Y,193,214,62,,,NCS
#cfd640,2060-G70Y,207,214,64,,,NCS
#d6d241,2060-G80Y,214,210,65,,,NCS
#d6c83f,2060-G90Y,214,200,63,,,NCS
#d62934,2060-R,214,41,52,,,NCS
#d62a3f,2060-R10B,214,42,63,,,NCS
#d62d4f,2060-R20B,214,45,79,,,NCS
#d63065,2060-R30B,214,48,101,,,NCS
#d63586,2060-R40B,214,53,134,,,NCS
#7642d6,2060-R70B,118,66,214,,,NCS
#2c4cd6,2060-R80B,44,76,214,,,NCS
#3067d6,2060-R90B,48,103,214,,,NCS
#d6c03e,2060-Y,214,192,62,,,NCS
#d6b23c,2060-Y10R,214,178,60,,,NCS
#d6a43a,2060-Y20R,214,164,58,,,NCS
#d69638,2060-Y30R,214,150,56,,,NCS
#d68835,2060-Y40R,214,136,53,,,NCS
#d67933,2060-Y50R,214,121,51,,,NCS
#d66931,2060-Y60R,214,105,49,,,NCS
#d6592e,2060-Y70R,214,89,46,,,NCS
#d6492c,2060-Y80R,214,73,44,,,NCS
#d6392f,2060-Y90R,214,57,47,,,NCS
#3098d6,2065-B,48,152,214,,,NCS
#d62649,2065-R20B,214,38,73,,,NCS
#2962d6,2065-R90B,41,98,214,,,NCS
#4ed654,2070-G10Y,78,214,84,,,NCS
#6ed643,2070-G20Y,110,214,67,,,NCS
#87d635,2070-G30Y,135,214,53,,,NCS
#9dd629,2070-G40Y,157,214,41,,,NCS
#afd62b,2070-G50Y,175,214,43,,,NCS
#bed62d,2070-G60Y,190,214,45,,,NCS
#ced62e,2070-G70Y,206,214,46,,,NCS
#d6d12f,2070-G80Y,214,209,47,,,NCS
#d6c62d,2070-G90Y,214,198,45,,,NCS
#d61c28,2070-R,214,28,40,,,NCS
#d61d34,2070-R10B,214,29,52,,,NCS
#d6bd2c,2070-Y,214,189,44,,,NCS
#d6ae2b,2070-Y10R,214,174,43,,,NCS
#d69f29,2070-Y20R,214,159,41,,,NCS
#d68f27,2070-Y30R,214,143,39,,,NCS
#d68026,2070-Y40R,214,128,38,,,NCS
#d67024,2070-Y50R,214,112,36,,,NCS
#d65f22,2070-Y60R,214,95,34,,,NCS
#d64f20,2070-Y70R,214,79,32,,,NCS
#d63e1e,2070-Y80R,214,62,30,,,NCS
#d62d22,2070-Y90R,214,45,34,,,NCS
#69d63c,2075-G20Y,105,214,60,,,NCS
#84d62e,2075-G30Y,132,214,46,,,NCS
#d65b1b,2075-Y60R,214,91,27,,,NCS
#d64a1a,2075-Y70R,214,74,26,,,NCS
#bfbfbf,2500-N,191,191,191,,,NCS
#c2c6c9,2502-B,194,198,201,,,NCS
#c0c9c4,2502-G,192,201,196,,,NCS
#c9bebf,2502-R,201,190,191,,,NCS
#c9c8c2,2502-Y,201,200,194,,,NCS
#43b3c9,2555-B20G,67,179,201,,,NCS
#44bcc9,2555-B30G,68,188,201,,,NCS
#46c5c9,2555-B40G,70,197,201,,,NCS
#44c9bd,2555-B60G,68,201,189,,,NCS
#41c9ab,2555-B80G,65,201,171,,,NCS
#28c967,2565-G,40,201,103,,,NCS
#2341c9,2565-R80B,35,65,201,,,NCS
#67c93e,2570-G20Y,103,201,62,,,NCS
#7fc931,2570-G30Y,127,201,49,,,NCS
#c91a25,2570-R,201,26,37,,,NCS
#c98725,2570-Y30R,201,135,37,,,NCS
#c97823,2570-Y40R,201,120,35,,,NCS
#c96922,2570-Y50R,201,105,34,,,NCS
#c95920,2570-Y60R,201,89,32,,,NCS
#c94a1e,2570-Y70R,201,74,30,,,NCS
#c93a1c,2570-Y80R,201,58,28,,,NCS
#c92b20,2570-Y90R,201,43,32,,,NCS
#b2b2b2,3000-N,178,178,178,,,NCS
#adb9bc,3005-B20G,173,185,188,,,NCS
#acbcb8,3005-B80G,172,188,184,,,NCS
#b1bcad,3005-G20Y,177,188,173,,,NCS
#b8bcac,3005-G50Y,184,188,172,,,NCS
#bcbbae,3005-G80Y,188,187,174,,,NCS
#bca6aa,3005-R20B,188,166,170,,,NCS
#bcacb9,3005-R50B,188,172,185,,,NCS
#a5aabc,3005-R80B,165,170,188,,,NCS
#bcb6ab,3005-Y20R,188,182,171,,,NCS
#bcb1a9,3005-Y50R,188,177,169,,,NCS
#bca9a5,3005-Y80R,188,169,165,,,NCS
#9cb0bc,3010-B,156,176,188,,,NCS
#9db4bc,3010-B10G,157,180,188,,,NCS
#a0b9bc,3010-B30G,160,185,188,,,NCS
#a0bcbb,3010-B50G,160,188,187,,,NCS
#9fbcb7,3010-B70G,159,188,183,,,NCS
#9abcad,3010-B90G,154,188,173,,,NCS
#97bca5,3010-G,151,188,165,,,NCS
#a1bca2,3010-G10Y,161,188,162,,,NCS
#a8bca0,3010-G20Y,168,188,160,,,NCS
#adbc9e,3010-G30Y,173,188,158,,,NCS
#b1bc9c,3010-G40Y,177,188,156,,,NCS
#b5bc9e,3010-G50Y,181,188,158,,,NCS
#b8bc9f,3010-G60Y,184,188,159,,,NCS
#babca0,3010-G70Y,186,188,160,,,NCS
#bcbba0,3010-G80Y,188,187,160,,,NCS
#bcb9a0,3010-G90Y,188,185,160,,,NCS
#bc8f92,3010-R,188,143,146,,,NCS
#bc9096,3010-R10B,188,144,150,,,NCS
#bc939b,3010-R20B,188,147,155,,,NCS
#bc96a2,3010-R30B,188,150,162,,,NCS
#bc99aa,3010-R40B,188,153,170,,,NCS
#bc9eb6,3010-R50B,188,158,182,,,NCS
#b29cbc,3010-R60B,178,156,188,,,NCS
#a79cbc,3010-R70B,167,156,188,,,NCS
#929abc,3010-R80B,146,154,188,,,NCS
#96a2bc,3010-R90B,150,162,188,,,NCS
#bcb79f,3010-Y,188,183,159,,,NCS
#bcb59e,3010-Y10R,188,181,158,,,NCS
#bcb29c,3010-Y20R,188,178,156,,,NCS
#bcae9b,3010-Y30R,188,174,155,,,NCS
#bcab9a,3010-Y40R,188,171,154,,,NCS
#bca798,3010-Y50R,188,167,152,,,NCS
#bca396,3010-Y60R,188,163,150,,,NCS
#bc9e94,3010-Y70R,188,158,148,,,NCS
#bc9992,3010-Y80R,188,153,146,,,NCS
#bc9491,3010-Y90R,188,148,145,,,NCS
#80a5bc,3020-B,128,165,188,,,NCS
#83adbc,3020-B10G,131,173,188,,,NCS
#86b7bc,3020-B30G,134,183,188,,,NCS
#88babc,3020-B40G,136,186,188,,,NCS
#88bcba,3020-B50G,136,188,186,,,NCS
#86bcb7,3020-B60G,134,188,183,,,NCS
#85bcb3,3020-B70G,133,188,179,,,NCS
#7ebca0,3020-B90G,126,188,160,,,NCS
#7abc93,3020-G,122,188,147,,,NCS
#8bbc8d,3020-G10Y,139,188,141,,,NCS
#97bc88,3020-G20Y,151,188,136,,,NCS
#a1bc84,3020-G30Y,161,188,132,,,NCS
#a8bc81,3020-G40Y,168,188,129,,,NCS
#afbc84,3020-G50Y,175,188,132,,,NCS
#b4bc86,3020-G60Y,180,188,134,,,NCS
#b9bc87,3020-G70Y,185,188,135,,,NCS
#bcba88,3020-G80Y,188,186,136,,,NCS
#bcb686,3020-G90Y,188,182,134,,,NCS
#bc6e73,3020-R,188,110,115,,,NCS
#bc7079,3020-R10B,188,112,121,,,NCS
#bc7382,3020-R20B,188,115,130,,,NCS
#bc778d,3020-R30B,188,119,141,,,NCS
#bc7d9c,3020-R40B,188,125,156,,,NCS
#bc84b1,3020-R50B,188,132,177,,,NCS
#a982bc,3020-R60B,169,130,188,,,NCS
#9682bc,3020-R70B,150,130,188,,,NCS
#7380bc,3020-R80B,115,128,188,,,NCS
#788ebc,3020-R90B,120,142,188,,,NCS
#bcb385,3020-Y,188,179,133,,,NCS
#bcae83,3020-Y10R,188,174,131,,,NCS
#bca982,3020-Y20R,188,169,130,,,NCS
#bca37f,3020-Y30R,188,163,127,,,NCS
#bc9d7d,3020-Y40R,188,157,125,,,NCS
#bc967b,3020-Y50R,188,150,123,,,NCS
#bc8f78,3020-Y60R,188,143,120,,,NCS
#bc8775,3020-Y70R,188,135,117,,,NCS
#bc7f72,3020-Y80R,188,127,114,,,NCS
#bc7772,3020-Y90R,188,119,114,,,NCS
#689cbc,3030-B,104,156,188,,,NCS
#6ca7bc,3030-B10G,108,167,188,,,NCS
#70b4bc,3030-B30G,112,180,188,,,NCS
#71b9bc,3030-B40G,113,185,188,,,NCS
#71bcb9,3030-B50G,113,188,185,,,NCS
#70bcb5,3030-B60G,112,188,181,,,NCS
#6ebcb0,3030-B70G,110,188,176,,,NCS
#66bc95,3030-B90G,102,188,149,,,NCS
#61bc84,3030-G,97,188,132,,,NCS
#78bc7b,3030-G10Y,120,188,123,,,NCS
#89bc74,3030-G20Y,137,188,116,,,NCS
#96bc6e,3030-G30Y,150,188,110,,,NCS
#a0bc6a,3030-G40Y,160,188,106,,,NCS
#a9bc6c,3030-G50Y,169,188,108,,,NCS
#b1bc6f,3030-G60Y,177,188,111,,,NCS
#b8bc71,3030-G70Y,184,188,113,,,NCS
#bcb971,3030-G80Y,188,185,113,,,NCS
#bcb470,3030-G90Y,188,180,112,,,NCS
#bc555b,3030-R,188,85,91,,,NCS
#bc5763,3030-R10B,188,87,99,,,NCS
#bc5a6e,3030-R20B,188,90,110,,,NCS
#bc5f7c,3030-R30B,188,95,124,,,NCS
#bc6590,3030-R40B,188,101,144,,,NCS
#bc6dad,3030-R50B,188,109,173,,,NCS
#a26abc,3030-R60B,162,106,188,,,NCS
#876bbc,3030-R70B,135,107,188,,,NCS
#5a6cbc,3030-R80B,90,108,188,,,NCS
#5f7ebc,3030-R90B,95,126,188,,,NCS
#bcb06e,3030-Y,188,176,110,,,NCS
#bca96c,3030-Y10R,188,169,108,,,NCS
#bca16a,3030-Y20R,188,161,106,,,NCS
#bc9a68,3030-Y30R,188,154,104,,,NCS
#bc9165,3030-Y40R,188,145,101,,,NCS
#bc8862,3030-Y50R,188,136,98,,,NCS
#bc7f5f,3030-Y60R,188,127,95,,,NCS
#bc755c,3030-Y70R,188,117,92,,,NCS
#bc6a59,3030-Y80R,188,106,89,,,NCS
#bc6059,3030-Y90R,188,96,89,,,NCS
#5495bc,3040-B,84,149,188,,,NCS
#57a2bc,3040-B10G,87,162,188,,,NCS
#59abbc,3040-B20G,89,171,188,,,NCS
#5bb3bc,3040-B30G,91,179,188,,,NCS
#5db9bc,3040-B40G,93,185,188,,,NCS
#5dbcb8,3040-B50G,93,188,184,,,NCS
#5bbcb3,3040-B60G,91,188,179,,,NCS
#5abcad,3040-B70G,90,188,173,,,NCS
#58bca5,3040-B80G,88,188,165,,,NCS
#52bc8c,3040-B90G,82,188,140,,,NCS
#4dbc78,3040-G,77,188,120,,,NCS
#68bc6c,3040-G10Y,104,188,108,,,NCS
#7dbc63,3040-G20Y,125,188,99,,,NCS
#8cbc5b,3040-G30Y,140,188,91,,,NCS
#99bc55,3040-G40Y,153,188,85,,,NCS
#a5bc58,3040-G50Y,165,188,88,,,NCS
#aebc5a,3040-G60Y,174,188,90,,,NCS
#b7bc5c,3040-G70Y,183,188,92,,,NCS
#bcb95d,3040-G80Y,188,185,93,,,NCS
#bcb25b,3040-G90Y,188,178,91,,,NCS
#bc4149,3040-R,188,65,73,,,NCS
#bc4352,3040-R10B,188,67,82,,,NCS
#bc465e,3040-R20B,188,70,94,,,NCS
#bc4a6e,3040-R30B,188,74,110,,,NCS
#bc5086,3040-R40B,188,80,134,,,NCS
#bc59a9,3040-R50B,188,89,169,,,NCS
#9b55bc,3040-R60B,155,85,188,,,NCS
#7b58bc,3040-R70B,123,88,188,,,NCS
#455bbc,3040-R80B,69,91,188,,,NCS
#4b70bc,3040-R90B,75,112,188,,,NCS
#bcad5a,3040-Y,188,173,90,,,NCS
#bca458,3040-Y10R,188,164,88,,,NCS
#bc9b55,3040-Y20R,188,155,85,,,NCS
#bc9153,3040-Y30R,188,145,83,,,NCS
#bc8750,3040-Y40R,188,135,80,,,NCS
#bc7c4e,3040-Y50R,188,124,78,,,NCS
#bc714b,3040-Y60R,188,113,75,,,NCS
#bc6648,3040-Y70R,188,102,72,,,NCS
#bc5a45,3040-Y80R,188,90,69,,,NCS
#bc4d46,3040-Y90R,188,77,70,,,NCS
#428ebc,3050-B,66,142,188,,,NCS
#459dbc,3050-B10G,69,157,188,,,NCS
#47a8bc,3050-B20G,71,168,188,,,NCS
#49b1bc,3050-B30G,73,177,188,,,NCS
#4ab8bc,3050-B40G,74,184,188,,,NCS
#4abcb8,3050-B50G,74,188,184,,,NCS
#49bcb1,3050-B60G,73,188,177,,,NCS
#47bcaa,3050-B70G,71,188,170,,,NCS
#45bca1,3050-B80G,69,188,161,,,NCS
#40bc84,3050-B90G,64,188,132,,,NCS
#3bbc6d,3050-G,59,188,109,,,NCS
#5bbc5f,3050-G10Y,91,188,95,,,NCS
#72bc54,3050-G20Y,114,188,84,,,NCS
#84bc4a,3050-G30Y,132,188,74,,,NCS
#93bc43,3050-G40Y,147,188,67,,,NCS
#a0bc45,3050-G50Y,160,188,69,,,NCS
#abbc47,3050-G60Y,171,188,71,,,NCS
#b6bc4a,3050-G70Y,182,188,74,,,NCS
#bcb84a,3050-G80Y,188,184,74,,,NCS
#bcb048,3050-G90Y,188,176,72,,,NCS
#bc313a,3050-R,188,49,58,,,NCS
#bc3343,3050-R10B,188,51,67,,,NCS
#bc3550,3050-R20B,188,53,80,,,NCS
#bc3963,3050-R30B,188,57,99,,,NCS
#bc3e7d,3050-R40B,188,62,125,,,NCS
#bc46a5,3050-R50B,188,70,165,,,NCS
#9543bc,3050-R60B,149,67,188,,,NCS
#7048bc,3050-R70B,112,72,188,,,NCS
#354ebc,3050-R80B,53,78,188,,,NCS
#3964bc,3050-R90B,57,100,188,,,NCS
#bcaa47,3050-Y,188,170,71,,,NCS
#bca045,3050-Y10R,188,160,69,,,NCS
#bc9543,3050-Y20R,188,149,67,,,NCS
#bc8a41,3050-Y30R,188,138,65,,,NCS
#bc7e3e,3050-Y40R,188,126,62,,,NCS
#bc723c,3050-Y50R,188,114,60,,,NCS
#bc663a,3050-Y60R,188,102,58,,,NCS
#bc5937,3050-Y70R,188,89,55,,,NCS
#bc4c34,3050-Y80R,188,76,52,,,NCS
#bc3f36,3050-Y90R,188,63,54,,,NCS
#41bcb7,3055-B50G,65,188,183,,,NCS
#bc315d,3055-R30B,188,49,93,,,NCS
#bc3679,3055-R40B,188,54,121,,,NCS
#bc3ea3,3055-R50B,188,62,163,,,NCS
#3188bc,3060-B,49,136,188,,,NCS
#3499bc,3060-B10G,52,153,188,,,NCS
#36a5bc,3060-B20G,54,165,188,,,NCS
#37afbc,3060-B30G,55,175,188,,,NCS
#39b8bc,3060-B40G,57,184,188,,,NCS
#36bca8,3060-B70G,54,188,168,,,NCS
#30bc7d,3060-B90G,48,188,125,,,NCS
#2cbc64,3060-G,44,188,100,,,NCS
#4fbc53,3060-G10Y,79,188,83,,,NCS
#68bc46,3060-G20Y,104,188,70,,,NCS
#7dbc3b,3060-G30Y,125,188,59,,,NCS
#8ebc33,3060-G40Y,142,188,51,,,NCS
#9cbc35,3060-G50Y,156,188,53,,,NCS
#a9bc36,3060-G60Y,169,188,54,,,NCS
#b5bc38,3060-G70Y,181,188,56,,,NCS
#bcb739,3060-G80Y,188,183,57,,,NCS
#bcaf37,3060-G90Y,188,175,55,,,NCS
#bc232d,3060-R,188,35,45,,,NCS
#bc2537,3060-R10B,188,37,55,,,NCS
#bc2745,3060-R20B,188,39,69,,,NCS
#673abc,3060-R70B,103,58,188,,,NCS
#2742bc,3060-R80B,39,66,188,,,NCS
#2a5abc,3060-R90B,42,90,188,,,NCS
#bca836,3060-Y,188,168,54,,,NCS
#bc9c34,3060-Y10R,188,156,52,,,NCS
#bc9033,3060-Y20R,188,144,51,,,NCS
#bc8331,3060-Y30R,188,131,49,,,NCS
#bc772f,3060-Y40R,188,119,47,,,NCS
#bc692d,3060-Y50R,188,105,45,,,NCS
#bc5c2b,3060-Y60R,188,92,43,,,NCS
#bc4e29,3060-Y70R,188,78,41,,,NCS
#bc4026,3060-Y80R,188,64,38,,,NCS
#bc3229,3060-Y90R,188,50,41,,,NCS
#49bc4e,3065-G10Y,73,188,78,,,NCS
#8bbc2b,3065-G40Y,139,188,43,,,NCS
#9bbc2d,3065-G50Y,155,188,45,,,NCS
#a8bc2f,3065-G60Y,168,188,47,,,NCS
#2456bc,3065-R90B,36,86,188,,,NCS
#bc8d2b,3065-Y20R,188,141,43,,,NCS
#a5a5a5,3500-N,165,165,165,,,NCS
#a8acae,3502-B,168,172,174,,,NCS
#a7aeaa,3502-G,167,174,170,,,NCS
#aea5a5,3502-R,174,165,165,,,NCS
#aeada9,3502-Y,174,173,169,,,NCS
#3baea4,3555-B60G,59,174,164,,,NCS
#39ae94,3555-B80G,57,174,148,,,NCS
#8836ae,3555-R60B,136,54,174,,,NCS
#29ae5d,3560-G,41,174,93,,,NCS
#49ae4d,3560-G10Y,73,174,77,,,NCS
#61ae41,3560-G20Y,97,174,65,,,NCS
#74ae37,3560-G30Y,116,174,55,,,NCS
#84ae2f,3560-G40Y,132,174,47,,,NCS
#91ae31,3560-G50Y,145,174,49,,,NCS
#9dae33,3560-G60Y,157,174,51,,,NCS
#a8ae34,3560-G70Y,168,174,52,,,NCS
#ae212a,3560-R,174,33,42,,,NCS
#243dae,3560-R80B,36,61,174,,,NCS
#2754ae,3560-R90B,39,84,174,,,NCS
#ae9c32,3560-Y,174,156,50,,,NCS
#ae852f,3560-Y20R,174,133,47,,,NCS
#ae7a2d,3560-Y30R,174,122,45,,,NCS
#ae6e2b,3560-Y40R,174,110,43,,,NCS
#ae622a,3560-Y50R,174,98,42,,,NCS
#ae5528,3560-Y60R,174,85,40,,,NCS
#ae4926,3560-Y70R,174,73,38,,,NCS
#ae3c24,3560-Y80R,174,60,36,,,NCS
#ae2f26,3560-Y90R,174,47,38,,,NCS
#999999,4000-N,153,153,153,,,NCS
#949fa1,4005-B20G,148,159,161,,,NCS
#94a19e,4005-B80G,148,161,158,,,NCS
#98a194,4005-G20Y,152,161,148,,,NCS
#9ea194,4005-G50Y,158,161,148,,,NCS
#a1a095,4005-G80Y,161,160,149,,,NCS
#a18e92,4005-R20B,161,142,146,,,NCS
#a1949e,4005-R50B,161,148,158,,,NCS
#8e91a1,4005-R80B,142,145,161,,,NCS
#a19c93,4005-Y20R,161,156,147,,,NCS
#a19891,4005-Y50R,161,152,145,,,NCS
#a1918e,4005-Y80R,161,145,142,,,NCS
#879aa1,4010-B10G,135,154,161,,,NCS
#899fa1,4010-B30G,137,159,161,,,NCS
#89a1a0,4010-B50G,137,161,160,,,NCS
#88a19d,4010-B70G,136,161,157,,,NCS
#84a194,4010-B90G,132,161,148,,,NCS
#8aa18b,4010-G10Y,138,161,139,,,NCS
#94a187,4010-G30Y,148,161,135,,,NCS
#9ba187,4010-G50Y,155,161,135,,,NCS
#a0a189,4010-G70Y,160,161,137,,,NCS
#a19e89,4010-G90Y,161,158,137,,,NCS
#a17c80,4010-R10B,161,124,128,,,NCS
#a1808b,4010-R30B,161,128,139,,,NCS
#a1889c,4010-R50B,161,136,156,,,NCS
#8f86a1,4010-R70B,143,134,161,,,NCS
#808ba1,4010-R90B,128,139,161,,,NCS
#a19b87,4010-Y10R,161,155,135,,,NCS
#a19585,4010-Y30R,161,149,133,,,NCS
#a18f82,4010-Y50R,161,143,130,,,NCS
#a1887f,4010-Y70R,161,136,127,,,NCS
#a17f7d,4010-Y90R,161,127,125,,,NCS
#6e8ea1,4020-B,110,142,161,,,NCS
#7094a1,4020-B10G,112,148,161,,,NCS
#739da1,4020-B30G,115,157,161,,,NCS
#74a19f,4020-B50G,116,161,159,,,NCS
#72a19a,4020-B70G,114,161,154,,,NCS
#6ca189,4020-B90G,108,161,137,,,NCS
#68a17e,4020-G,104,161,126,,,NCS
#77a179,4020-G10Y,119,161,121,,,NCS
#8aa171,4020-G30Y,138,161,113,,,NCS
#96a171,4020-G50Y,150,161,113,,,NCS
#9fa174,4020-G70Y,159,161,116,,,NCS
#a19c73,4020-G90Y,161,156,115,,,NCS
#a15e62,4020-R,161,94,98,,,NCS
#a16068,4020-R10B,161,96,104,,,NCS
#a1636f,4020-R20B,161,99,111,,,NCS
#a16679,4020-R30B,161,102,121,,,NCS
#a16b86,4020-R40B,161,107,134,,,NCS
#a17298,4020-R50B,161,114,152,,,NCS
#916fa1,4020-R60B,145,111,161,,,NCS
#806fa1,4020-R70B,128,111,161,,,NCS
#626ea1,4020-R80B,98,110,161,,,NCS
#677aa1,4020-R90B,103,122,161,,,NCS
#a19a72,4020-Y,161,154,114,,,NCS
#a19571,4020-Y10R,161,149,113,,,NCS
#a1916f,4020-Y20R,161,145,111,,,NCS
#a18c6d,4020-Y30R,161,140,109,,,NCS
#a1876b,4020-Y40R,161,135,107,,,NCS
#a18169,4020-Y50R,161,129,105,,,NCS
#a17b67,4020-Y60R,161,123,103,,,NCS
#a17464,4020-Y70R,161,116,100,,,NCS
#a16d62,4020-Y80R,161,109,98,,,NCS
#a16662,4020-Y90R,161,102,98,,,NCS
#5a86a1,4030-B,90,134,161,,,NCS
#5c8fa1,4030-B10G,92,143,161,,,NCS
#609ba1,4030-B30G,96,155,161,,,NCS
#61a19f,4030-B50G,97,161,159,,,NCS
#5fa197,4030-B70G,95,161,151,,,NCS
#58a180,4030-B90G,88,161,128,,,NCS
#53a171,4030-G,83,161,113,,,NCS
#67a16a,4030-G10Y,103,161,106,,,NCS
#80a15f,4030-G30Y,128,161,95,,,NCS
#91a15d,4030-G50Y,145,161,93,,,NCS
#9ea161,4030-G70Y,158,161,97,,,NCS
#a19a60,4030-G90Y,161,154,96,,,NCS
#a1494e,4030-R,161,73,78,,,NCS
#a14b55,4030-R10B,161,75,85,,,NCS
#a14d5e,4030-R20B,161,77,94,,,NCS
#a1516b,4030-R30B,161,81,107,,,NCS
#a1567c,4030-R40B,161,86,124,,,NCS
#a15e94,4030-R50B,161,94,148,,,NCS
#8b5ba1,4030-R60B,139,91,161,,,NCS
#745ca1,4030-R70B,116,92,161,,,NCS
#4d5ca1,4030-R80B,77,92,161,,,NCS
#516ca1,4030-R90B,81,108,161,,,NCS
#a1975f,4030-Y,161,151,95,,,NCS
#a1915d,4030-Y10R,161,145,93,,,NCS
#a18a5b,4030-Y20R,161,138,91,,,NCS
#a18459,4030-Y30R,161,132,89,,,NCS
#a17c57,4030-Y40R,161,124,87,,,NCS
#a17554,4030-Y50R,161,117,84,,,NCS
#a16d52,4030-Y60R,161,109,82,,,NCS
#a1644f,4030-Y70R,161,100,79,,,NCS
#a15b4c,4030-Y80R,161,91,76,,,NCS
#a1524d,4030-Y90R,161,82,77,,,NCS
#487fa1,4040-B,72,127,161,,,NCS
#4b8ba1,4040-B10G,75,139,161,,,NCS
#4d93a1,4040-B20G,77,147,161,,,NCS
#4e99a1,4040-B30G,78,153,161,,,NCS
#509ea1,4040-B40G,80,158,161,,,NCS
#4fa19e,4040-B50G,79,161,158,,,NCS
#4ea199,4040-B60G,78,161,153,,,NCS
#4da194,4040-B70G,77,161,148,,,NCS
#4ba18e,4040-B80G,75,161,142,,,NCS
#46a178,4040-B90G,70,161,120,,,NCS
#42a167,4040-G,66,161,103,,,NCS
#59a15d,4040-G10Y,89,161,93,,,NCS
#6ba155,4040-G20Y,107,161,85,,,NCS
#78a14e,4040-G30Y,120,161,78,,,NCS
#83a149,4040-G40Y,131,161,73,,,NCS
#8da14b,4040-G50Y,141,161,75,,,NCS
#95a14d,4040-G60Y,149,161,77,,,NCS
#9da14f,4040-G70Y,157,161,79,,,NCS
#a19e50,4040-G80Y,161,158,80,,,NCS
#a1994e,4040-G90Y,161,153,78,,,NCS
#a1383e,4040-R,161,56,62,,,NCS
#a13946,4040-R10B,161,57,70,,,NCS
#a13c50,4040-R20B,161,60,80,,,NCS
#a1405f,4040-R30B,161,64,95,,,NCS
#a14573,4040-R40B,161,69,115,,,NCS
#a14c91,4040-R50B,161,76,145,,,NCS
#8549a1,4040-R60B,133,73,161,,,NCS
#694ca1,4040-R70B,105,76,161,,,NCS
#3b4ea1,4040-R80B,59,78,161,,,NCS
#4060a1,4040-R90B,64,96,161,,,NCS
#a1944d,4040-Y,161,148,77,,,NCS
#a18d4b,4040-Y10R,161,141,75,,,NCS
#a18549,4040-Y20R,161,133,73,,,NCS
#a17c47,4040-Y30R,161,124,71,,,NCS
#a17445,4040-Y40R,161,116,69,,,NCS
#a16b43,4040-Y50R,161,107,67,,,NCS
#a16140,4040-Y60R,161,97,64,,,NCS
#a1573e,4040-Y70R,161,87,62,,,NCS
#a14d3b,4040-Y80R,161,77,59,,,NCS
#a1423c,4040-Y90R,161,66,60,,,NCS
#387aa1,4050-B,56,122,161,,,NCS
#3b87a1,4050-B10G,59,135,161,,,NCS
#3d90a1,4050-B20G,61,144,161,,,NCS
#3e98a1,4050-B30G,62,152,161,,,NCS
#3f9ea1,4050-B40G,63,158,161,,,NCS
#3fa19e,4050-B50G,63,161,158,,,NCS
#3ea198,4050-B60G,62,161,152,,,NCS
#3da192,4050-B70G,61,161,146,,,NCS
#3ca18a,4050-B80G,60,161,138,,,NCS
#36a171,4050-B90G,54,161,113,,,NCS
#33a15d,4050-G,51,161,93,,,NCS
#4ea151,4050-G10Y,78,161,81,,,NCS
#62a148,4050-G20Y,98,161,72,,,NCS
#71a140,4050-G30Y,113,161,64,,,NCS
#7ea139,4050-G40Y,126,161,57,,,NCS
#89a13b,4050-G50Y,137,161,59,,,NCS
#93a13d,4050-G60Y,147,161,61,,,NCS
#9ca13f,4050-G70Y,156,161,63,,,NCS
#a19e3f,4050-G80Y,161,158,63,,,NCS
#a1973e,4050-G90Y,161,151,62,,,NCS
#a12a31,4050-R,161,42,49,,,NCS
#a12b3a,4050-R10B,161,43,58,,,NCS
#a12e45,4050-R20B,161,46,69,,,NCS
#a13154,4050-R30B,161,49,84,,,NCS
#a1356b,4050-R40B,161,53,107,,,NCS
#a13c8e,4050-R50B,161,60,142,,,NCS
#8039a1,4050-R60B,128,57,161,,,NCS
#603ea1,4050-R70B,96,62,161,,,NCS
#2d42a1,4050-R80B,45,66,161,,,NCS
#3156a1,4050-R90B,49,86,161,,,NCS
#a1923d,4050-Y,161,146,61,,,NCS
#a1893b,4050-Y10R,161,137,59,,,NCS
#a18039,4050-Y20R,161,128,57,,,NCS
#a17637,4050-Y30R,161,118,55,,,NCS
#a16c36,4050-Y40R,161,108,54,,,NCS
#a16233,4050-Y50R,161,98,51,,,NCS
#a15731,4050-Y60R,161,87,49,,,NCS
#a14c2f,4050-Y70R,161,76,47,,,NCS
#a1412d,4050-Y80R,161,65,45,,,NCS
#a1362e,4050-Y90R,161,54,46,,,NCS
#3177a1,4055-B,49,119,161,,,NCS
#389ea1,4055-B40G,56,158,161,,,NCS
#5c37a1,4055-R70B,92,55,161,,,NCS
#2d5fa1,4055-R95B,45,95,161,,,NCS
#a18734,4055-Y10R,161,135,52,,,NCS
#8c8c8c,4500-N,140,140,140,,,NCS
#8e9193,4502-B,142,145,147,,,NCS
#8d9390,4502-G,141,147,144,,,NCS
#938b8c,4502-R,147,139,140,,,NCS
#93938f,4502-Y,147,147,143,,,NCS
#336f93,4550-B,51,111,147,,,NCS
#388493,4550-B20G,56,132,147,,,NCS
#398b93,4550-B30G,57,139,147,,,NCS
#3a9193,4550-B40G,58,145,147,,,NCS
#3a9390,4550-B50G,58,147,144,,,NCS
#37937f,4550-B80G,55,147,127,,,NCS
#329368,4550-B90G,50,147,104,,,NCS
#2e9356,4550-G,46,147,86,,,NCS
#47934b,4550-G10Y,71,147,75,,,NCS
#599342,4550-G20Y,89,147,66,,,NCS
#68933a,4550-G30Y,104,147,58,,,NCS
#749335,4550-G40Y,116,147,53,,,NCS
#7e9336,4550-G50Y,126,147,54,,,NCS
#879338,4550-G60Y,135,147,56,,,NCS
#8f933a,4550-G70Y,143,147,58,,,NCS
#583993,4550-R70B,88,57,147,,,NCS
#293d93,4550-R80B,41,61,147,,,NCS
#2d4f93,4550-R90B,45,79,147,,,NCS
#938638,4550-Y,147,134,56,,,NCS
#936c33,4550-Y30R,147,108,51,,,NCS
#936331,4550-Y40R,147,99,49,,,NCS
#935a2f,4550-Y50R,147,90,47,,,NCS
#93502d,4550-Y60R,147,80,45,,,NCS
#93462b,4550-Y70R,147,70,43,,,NCS
#933b29,4550-Y80R,147,59,41,,,NCS
#93312a,4550-Y90R,147,49,42,,,NCS
#7f7f7f,5000-N,127,127,127,,,NCS
#7b8486,5005-B20G,123,132,134,,,NCS
#7b8684,5005-B80G,123,134,132,,,NCS
#7f867c,5005-G20Y,127,134,124,,,NCS
#83867b,5005-G50Y,131,134,123,,,NCS
#86867c,5005-G80Y,134,134,124,,,NCS
#86767a,5005-R20B,134,118,122,,,NCS
#867b84,5005-R50B,134,123,132,,,NCS
#767986,5005-R80B,118,121,134,,,NCS
#86827a,5005-Y20R,134,130,122,,,NCS
#867e79,5005-Y50R,134,126,121,,,NCS
#867976,5005-Y80R,134,121,118,,,NCS
#708186,5010-B10G,112,129,134,,,NCS
#728486,5010-B30G,114,132,134,,,NCS
#738685,5010-B50G,115,134,133,,,NCS
#718683,5010-B70G,113,134,131,,,NCS
#6e867b,5010-B90G,110,134,123,,,NCS
#738674,5010-G10Y,115,134,116,,,NCS
#7c8671,5010-G30Y,124,134,113,,,NCS
#818671,5010-G50Y,129,134,113,,,NCS
#858672,5010-G70Y,133,134,114,,,NCS
#868472,5010-G90Y,134,132,114,,,NCS
#86676b,5010-R10B,134,103,107,,,NCS
#866b74,5010-R30B,134,107,116,,,NCS
#867182,5010-R50B,134,113,130,,,NCS
#776f86,5010-R70B,119,111,134,,,NCS
#6b7486,5010-R90B,107,116,134,,,NCS
#868171,5010-Y10R,134,129,113,,,NCS
#867d6f,5010-Y30R,134,125,111,,,NCS
#86776d,5010-Y50R,134,119,109,,,NCS
#86716a,5010-Y70R,134,113,106,,,NCS
#866a68,5010-Y90R,134,106,104,,,NCS
#5c7686,5020-B,92,118,134,,,NCS
#5e7c86,5020-B10G,94,124,134,,,NCS
#608286,5020-B30G,96,130,134,,,NCS
#618685,5020-B50G,97,134,133,,,NCS
#5f8680,5020-B70G,95,134,128,,,NCS
#5a8672,5020-B90G,90,134,114,,,NCS
#578669,5020-G,87,134,105,,,NCS
#638665,5020-G10Y,99,134,101,,,NCS
#73865f,5020-G30Y,115,134,95,,,NCS
#7d865e,5020-G50Y,125,134,94,,,NCS
#848661,5020-G70Y,132,134,97,,,NCS
#868260,5020-G90Y,134,130,96,,,NCS
#864e52,5020-R,134,78,82,,,NCS
#865057,5020-R10B,134,80,87,,,NCS
#86525d,5020-R20B,134,82,93,,,NCS
#865565,5020-R30B,134,85,101,,,NCS
#865970,5020-R40B,134,89,112,,,NCS
#865f7e,5020-R50B,134,95,126,,,NCS
#795d86,5020-R60B,121,93,134,,,NCS
#6b5d86,5020-R70B,107,93,134,,,NCS
#525b86,5020-R80B,82,91,134,,,NCS
#556586,5020-R90B,85,101,134,,,NCS
#86805f,5020-Y,134,128,95,,,NCS
#867d5e,5020-Y10R,134,125,94,,,NCS
#86795c,5020-Y20R,134,121,92,,,NCS
#86755b,5020-Y30R,134,117,91,,,NCS
#867059,5020-Y40R,134,112,89,,,NCS
#866b58,5020-Y50R,134,107,88,,,NCS
#866656,5020-Y60R,134,102,86,,,NCS
#866154,5020-Y70R,134,97,84,,,NCS
#865b52,5020-Y80R,134,91,82,,,NCS
#865551,5020-Y90R,134,85,81,,,NCS
#4b7086,5030-B,75,112,134,,,NCS
#4d7786,5030-B10G,77,119,134,,,NCS
#508186,5030-B30G,80,129,134,,,NCS
#518684,5030-B50G,81,134,132,,,NCS
#4f867e,5030-B70G,79,134,126,,,NCS
#49866b,5030-B90G,73,134,107,,,NCS
#45865f,5030-G,69,134,95,,,NCS
#568658,5030-G10Y,86,134,88,,,NCS
#6b864f,5030-G30Y,107,134,79,,,NCS
#79864d,5030-G50Y,121,134,77,,,NCS
#838651,5030-G70Y,131,134,81,,,NCS
#868150,5030-G90Y,134,129,80,,,NCS
#863c41,5030-R,134,60,65,,,NCS
#863e47,5030-R10B,134,62,71,,,NCS
#86404e,5030-R20B,134,64,78,,,NCS
#864459,5030-R30B,134,68,89,,,NCS
#864867,5030-R40B,134,72,103,,,NCS
#864e7b,5030-R50B,134,78,123,,,NCS
#734c86,5030-R60B,115,76,134,,,NCS
#614d86,5030-R70B,97,77,134,,,NCS
#404d86,5030-R80B,64,77,134,,,NCS
#445a86,5030-R90B,68,90,134,,,NCS
#867e4f,5030-Y,134,126,79,,,NCS
#86794d,5030-Y10R,134,121,77,,,NCS
#86734c,5030-Y20R,134,115,76,,,NCS
#866e4a,5030-Y30R,134,110,74,,,NCS
#866848,5030-Y40R,134,104,72,,,NCS
#866146,5030-Y50R,134,97,70,,,NCS
#865b44,5030-Y60R,134,91,68,,,NCS
#865342,5030-Y70R,134,83,66,,,NCS
#864c40,5030-Y80R,134,76,64,,,NCS
#864440,5030-Y90R,134,68,64,,,NCS
#3c6a86,5040-B,60,106,134,,,NCS
#3e7486,5040-B10G,62,116,134,,,NCS
#407a86,5040-B20G,64,122,134,,,NCS
#418086,5040-B30G,65,128,134,,,NCS
#428486,5040-B40G,66,132,134,,,NCS
#428684,5040-B50G,66,134,132,,,NCS
#418680,5040-B60G,65,134,128,,,NCS
#40867c,5040-B70G,64,134,124,,,NCS
#3f8676,5040-B80G,63,134,118,,,NCS
#3a8664,5040-B90G,58,134,100,,,NCS
#378656,5040-G,55,134,86,,,NCS
#4b864d,5040-G10Y,75,134,77,,,NCS
#598646,5040-G20Y,89,134,70,,,NCS
#648641,5040-G30Y,100,134,65,,,NCS
#6e863d,5040-G40Y,110,134,61,,,NCS
#76863f,5040-G50Y,118,134,63,,,NCS
#7c8640,5040-G60Y,124,134,64,,,NCS
#838642,5040-G70Y,131,134,66,,,NCS
#868442,5040-G80Y,134,132,66,,,NCS
#867f41,5040-G90Y,134,127,65,,,NCS
#862e34,5040-R,134,46,52,,,NCS
#86303a,5040-R10B,134,48,58,,,NCS
#863243,5040-R20B,134,50,67,,,NCS
#86354f,5040-R30B,134,53,79,,,NCS
#863960,5040-R40B,134,57,96,,,NCS
#863f78,5040-R50B,134,63,120,,,NCS
#6f3d86,5040-R60B,111,61,134,,,NCS
#583f86,5040-R70B,88,63,134,,,NCS
#324186,5040-R80B,50,65,134,,,NCS
#355086,5040-R90B,53,80,134,,,NCS
#867c40,5040-Y,134,124,64,,,NCS
#86753f,5040-Y10R,134,117,63,,,NCS
#866f3d,5040-Y20R,134,111,61,,,NCS
#86683b,5040-Y30R,134,104,59,,,NCS
#866039,5040-Y40R,134,96,57,,,NCS
#865937,5040-Y50R,134,89,55,,,NCS
#865135,5040-Y60R,134,81,53,,,NCS
#864933,5040-Y70R,134,73,51,,,NCS
#864031,5040-Y80R,134,64,49,,,NCS
#863732,5040-Y90R,134,55,50,,,NCS
#377286,5045-B10G,55,114,134,,,NCS
#727272,5500-N,114,114,114,,,NCS
#747779,5502-B,116,119,121,,,NCS
#747976,5502-G,116,121,118,,,NCS
#797272,5502-R,121,114,114,,,NCS
#797875,5502-Y,121,120,117,,,NCS
#366079,5540-B,54,96,121,,,NCS
#386879,5540-B10G,56,104,121,,,NCS
#396e79,5540-B20G,57,110,121,,,NCS
#3b7379,5540-B30G,59,115,121,,,NCS
#3c7779,5540-B40G,60,119,121,,,NCS
#3c7977,5540-B50G,60,121,119,,,NCS
#38796a,5540-B80G,56,121,106,,,NCS
#34795a,5540-B90G,52,121,90,,,NCS
#31794d,5540-G,49,121,77,,,NCS
#437945,5540-G10Y,67,121,69,,,NCS
#50793f,5540-G20Y,80,121,63,,,NCS
#5a793b,5540-G30Y,90,121,59,,,NCS
#637937,5540-G40Y,99,121,55,,,NCS
#6a7938,5540-G50Y,106,121,56,,,NCS
#70793a,5540-G60Y,112,121,58,,,NCS
#76793b,5540-G70Y,118,121,59,,,NCS
#4f3979,5540-R70B,79,57,121,,,NCS
#304879,5540-R90B,48,72,121,,,NCS
#79322d,5540-Y90R,121,50,45,,,NCS
#666666,6000-N,102,102,102,,,NCS
#636a6b,6005-B20G,99,106,107,,,NCS
#626b69,6005-B80G,98,107,105,,,NCS
#656b63,6005-G20Y,101,107,99,,,NCS
#696b62,6005-G50Y,105,107,98,,,NCS
#6b6b63,6005-G80Y,107,107,99,,,NCS
#6b5f61,6005-R20B,107,95,97,,,NCS
#6b636a,6005-R50B,107,99,106,,,NCS
#5f616b,6005-R80B,95,97,107,,,NCS
#6b6862,6005-Y20R,107,104,98,,,NCS
#6b6560,6005-Y50R,107,101,96,,,NCS
#6b615e,6005-Y80R,107,97,94,,,NCS
#5a676b,6010-B10G,90,103,107,,,NCS
#5b6a6b,6010-B30G,91,106,107,,,NCS
#5c6b6b,6010-B50G,92,107,107,,,NCS
#5b6b69,6010-B70G,91,107,105,,,NCS
#586b63,6010-B90G,88,107,99,,,NCS
#5c6b5d,6010-G10Y,92,107,93,,,NCS
#636b5a,6010-G30Y,99,107,90,,,NCS
#676b5a,6010-G50Y,103,107,90,,,NCS
#6a6b5c,6010-G70Y,106,107,92,,,NCS
#6b6a5b,6010-G90Y,107,106,91,,,NCS
#6b5356,6010-R10B,107,83,86,,,NCS
#6b565c,6010-R30B,107,86,92,,,NCS
#6b5a68,6010-R50B,107,90,104,,,NCS
#5f596b,6010-R70B,95,89,107,,,NCS
#565d6b,6010-R90B,86,93,107,,,NCS
#6b675a,6010-Y10R,107,103,90,,,NCS
#6b6459,6010-Y30R,107,100,89,,,NCS
#6b5f57,6010-Y50R,107,95,87,,,NCS
#6b5a55,6010-Y70R,107,90,85,,,NCS
#6b5553,6010-Y90R,107,85,83,,,NCS
#495e6b,6020-B,73,94,107,,,NCS
#4b636b,6020-B10G,75,99,107,,,NCS
#4d686b,6020-B30G,77,104,107,,,NCS
#4d6b6a,6020-B50G,77,107,106,,,NCS
#4c6b67,6020-B70G,76,107,103,,,NCS
#486b5b,6020-B90G,72,107,91,,,NCS
#456b54,6020-G,69,107,84,,,NCS
#4f6b51,6020-G10Y,79,107,81,,,NCS
#5c6b4c,6020-G30Y,92,107,76,,,NCS
#646b4b,6020-G50Y,100,107,75,,,NCS
#6a6b4d,6020-G70Y,106,107,77,,,NCS
#6b684d,6020-G90Y,107,104,77,,,NCS
#6b3f42,6020-R,107,63,66,,,NCS
#6b4045,6020-R10B,107,64,69,,,NCS
#6b424a,6020-R20B,107,66,74,,,NCS
#6b4451,6020-R30B,107,68,81,,,NCS
#6b4759,6020-R40B,107,71,89,,,NCS
#6b4c65,6020-R50B,107,76,101,,,NCS
#614a6b,6020-R60B,97,74,107,,,NCS
#564a6b,6020-R70B,86,74,107,,,NCS
#41496b,6020-R80B,65,73,107,,,NCS
#44516b,6020-R90B,68,81,107,,,NCS
#6b674c,6020-Y,107,103,76,,,NCS
#6b644b,6020-Y10R,107,100,75,,,NCS
#6b614a,6020-Y20R,107,97,74,,,NCS
#6b5d49,6020-Y30R,107,93,73,,,NCS
#6b5a47,6020-Y40R,107,90,71,,,NCS
#6b5646,6020-Y50R,107,86,70,,,NCS
#6b5245,6020-Y60R,107,82,69,,,NCS
#6b4d43,6020-Y70R,107,77,67,,,NCS
#6b4841,6020-Y80R,107,72,65,,,NCS
#6b4441,6020-Y90R,107,68,65,,,NCS
#3c596b,6030-B,60,89,107,,,NCS
#3e606b,6030-B10G,62,96,107,,,NCS
#40676b,6030-B30G,64,103,107,,,NCS
#416b6a,6030-B50G,65,107,106,,,NCS
#3f6b65,6030-B70G,63,107,101,,,NCS
#3a6b55,6030-B90G,58,107,85,,,NCS
#376b4c,6030-G,55,107,76,,,NCS
#456b46,6030-G10Y,69,107,70,,,NCS
#566b3f,6030-G30Y,86,107,63,,,NCS
#616b3e,6030-G50Y,97,107,62,,,NCS
#696b40,6030-G70Y,105,107,64,,,NCS
#6b6740,6030-G90Y,107,103,64,,,NCS
#6b3034,6030-R,107,48,52,,,NCS
#6b3239,6030-R10B,107,50,57,,,NCS
#6b343f,6030-R20B,107,52,63,,,NCS
#6b3647,6030-R30B,107,54,71,,,NCS
#6b3a52,6030-R40B,107,58,82,,,NCS
#6b3e63,6030-R50B,107,62,99,,,NCS
#5c3d6b,6030-R60B,92,61,107,,,NCS
#4d3d6b,6030-R70B,77,61,107,,,NCS
#333d6b,6030-R80B,51,61,107,,,NCS
#36486b,6030-R90B,54,72,107,,,NCS
#6b653f,6030-Y,107,101,63,,,NCS
#6b613e,6030-Y10R,107,97,62,,,NCS
#6b5c3d,6030-Y20R,107,92,61,,,NCS
#6b583b,6030-Y30R,107,88,59,,,NCS
#6b533a,6030-Y40R,107,83,58,,,NCS
#6b4e38,6030-Y50R,107,78,56,,,NCS
#6b4836,6030-Y60R,107,72,54,,,NCS
#6b4335,6030-Y70R,107,67,53,,,NCS
#6b3d33,6030-Y80R,107,61,51,,,NCS
#6b3733,6030-Y90R,107,55,51,,,NCS
#3a6b67,6035-B60G,58,107,103,,,NCS
#595959,6500-N,89,89,89,,,NCS
#5a5d5e,6502-B,90,93,94,,,NCS
#5a5e5b,6502-G,90,94,91,,,NCS
#5e5959,6502-R,94,89,89,,,NCS
#5e5d5b,6502-Y,94,93,91,,,NCS
#385a5e,6530-B30G,56,90,94,,,NCS
#395e5d,6530-B50G,57,94,93,,,NCS
#3c5e3e,6530-G10Y,60,94,62,,,NCS
#555e36,6530-G50Y,85,94,54,,,NCS
#4c4c4c,7000-N,76,76,76,,,NCS
#4a4f50,7005-B20G,74,79,80,,,NCS
#4a504f,7005-B80G,74,80,79,,,NCS
#4c504a,7005-G20Y,76,80,74,,,NCS
#4f504a,7005-G50Y,79,80,74,,,NCS
#50504a,7005-G80Y,80,80,74,,,NCS
#504749,7005-R20B,80,71,73,,,NCS
#504a4f,7005-R50B,80,74,79,,,NCS
#474950,7005-R80B,71,73,80,,,NCS
#504e4a,7005-Y20R,80,78,74,,,NCS
#504c48,7005-Y50R,80,76,72,,,NCS
#504947,7005-Y80R,80,73,71,,,NCS
#434d50,7010-B10G,67,77,80,,,NCS
#444f50,7010-B30G,68,79,80,,,NCS
#455050,7010-B50G,69,80,80,,,NCS
#44504f,7010-B70G,68,80,79,,,NCS
#42504a,7010-B90G,66,80,74,,,NCS
#455046,7010-G10Y,69,80,70,,,NCS
#4a5044,7010-G30Y,74,80,68,,,NCS
#4e5044,7010-G50Y,78,80,68,,,NCS
#505045,7010-G70Y,80,80,69,,,NCS
#504f44,7010-G90Y,80,79,68,,,NCS
#503e40,7010-R10B,80,62,64,,,NCS
#504045,7010-R30B,80,64,69,,,NCS
#50444e,7010-R50B,80,68,78,,,NCS
#484350,7010-R70B,72,67,80,,,NCS
#404650,7010-R90B,64,70,80,,,NCS
#504d44,7010-Y10R,80,77,68,,,NCS
#504b42,7010-Y30R,80,75,66,,,NCS
#504841,7010-Y50R,80,72,65,,,NCS
#50443f,7010-Y70R,80,68,63,,,NCS
#503f3e,7010-Y90R,80,63,62,,,NCS
#374750,7020-B,55,71,80,,,NCS
#384a50,7020-B10G,56,74,80,,,NCS
#3a4e50,7020-B30G,58,78,80,,,NCS
#3a5050,7020-B50G,58,80,80,,,NCS
#39504d,7020-B70G,57,80,77,,,NCS
#365045,7020-B90G,54,80,69,,,NCS
#34503f,7020-G,52,80,63,,,NCS
#3c503c,7020-G10Y,60,80,60,,,NCS
#455039,7020-G30Y,69,80,57,,,NCS
#4b5038,7020-G50Y,75,80,56,,,NCS
#4f503a,7020-G70Y,79,80,58,,,NCS
#504e3a,7020-G90Y,80,78,58,,,NCS
#502f31,7020-R,80,47,49,,,NCS
#503034,7020-R10B,80,48,52,,,NCS
#503138,7020-R20B,80,49,56,,,NCS
#50333c,7020-R30B,80,51,60,,,NCS
#503543,7020-R40B,80,53,67,,,NCS
#50394c,7020-R50B,80,57,76,,,NCS
#483750,7020-R60B,72,55,80,,,NCS
#403750,7020-R70B,64,55,80,,,NCS
#313750,7020-R80B,49,55,80,,,NCS
#333d50,7020-R90B,51,61,80,,,NCS
#504d39,7020-Y,80,77,57,,,NCS
#504b38,7020-Y10R,80,75,56,,,NCS
#504837,7020-Y20R,80,72,55,,,NCS
#504637,7020-Y30R,80,70,55,,,NCS
#504336,7020-Y40R,80,67,54,,,NCS
#504035,7020-Y50R,80,64,53,,,NCS
#503d33,7020-Y60R,80,61,51,,,NCS
#503a32,7020-Y70R,80,58,50,,,NCS
#503631,7020-Y80R,80,54,49,,,NCS
#503331,7020-Y90R,80,51,49,,,NCS
#3f3f3f,7500-N,63,63,63,,,NCS
#414243,7502-B,65,66,67,,,NCS
#404341,7502-G,64,67,65,,,NCS
#433f40,7502-R,67,63,64,,,NCS
#434341,7502-Y,67,67,65,,,NCS
#323232,8000-N,50,50,50,,,NCS
#313536,8005-B20G,49,53,54,,,NCS
#313635,8005-B80G,49,54,53,,,NCS
#333632,8005-G20Y,51,54,50,,,NCS
#353631,8005-G50Y,53,54,49,,,NCS
#363632,8005-G80Y,54,54,50,,,NCS
#362f31,8005-R20B,54,47,49,,,NCS
#363135,8005-R50B,54,49,53,,,NCS
#2f3036,8005-R80B,47,48,54,,,NCS
#363431,8005-Y20R,54,52,49,,,NCS
#363330,8005-Y50R,54,51,48,,,NCS
#36302f,8005-Y80R,54,48,47,,,NCS
#2d3336,8010-B10G,45,51,54,,,NCS
#2e3536,8010-B30G,46,53,54,,,NCS
#2e3635,8010-B50G,46,54,53,,,NCS
#2d3634,8010-B70G,45,54,52,,,NCS
#2c3631,8010-B90G,44,54,49,,,NCS
#2e362e,8010-G10Y,46,54,46,,,NCS
#31362d,8010-G30Y,49,54,45,,,NCS
#34362d,8010-G50Y,52,54,45,,,NCS
#35362e,8010-G70Y,53,54,46,,,NCS
#36352e,8010-G90Y,54,53,46,,,NCS
#36292b,8010-R10B,54,41,43,,,NCS
#362b2e,8010-R30B,54,43,46,,,NCS
#362d34,8010-R50B,54,45,52,,,NCS
#302d36,8010-R70B,48,45,54,,,NCS
#2b2e36,8010-R90B,43,46,54,,,NCS
#36342d,8010-Y10R,54,52,45,,,NCS
#36322c,8010-Y30R,54,50,44,,,NCS
#36302b,8010-Y50R,54,48,43,,,NCS
#362d2a,8010-Y70R,54,45,42,,,NCS
#362a2a,8010-Y90R,54,42,42,,,NCS
#262626,8500-N,38,38,38,,,NCS
#262626,8500-N,38,38,38,,,NCS
#272828,8502-B,39,40,40,,,NCS
#272827,8502-G,39,40,39,,,NCS
#282626,8502-R,40,38,38,,,NCS
#282827,8502-Y,40,40,39,,,NCS
#252828,8505-B20G,37,40,40,,,NCS
#252828,8505-B80G,37,40,40,,,NCS
#262825,8505-G20Y,38,40,37,,,NCS
#282825,8505-G80Y,40,40,37,,,NCS
#282425,8505-R20B,40,36,37,,,NCS
#242428,8505-R80B,36,36,40,,,NCS
#282725,8505-Y20R,40,39,37,,,NCS
#282423,8505-Y80R,40,36,35,,,NCS